model,task,k,rank,n,r_over_n,d_L,d_S,n_collected,reps,rho1,rho_top5,floor,excess
gemma-3-12b-it,verse,0.05,2,64,0.0312,9120,9120,1200,3,0.929494,0.617321,0.14776,0.469561
gemma-3-12b-it,verse,0.05,4,64,0.0625,9120,9120,1200,3,0.969759,0.659165,0.207108,0.452056
gemma-3-12b-it,verse,0.05,8,64,0.125,9120,9120,1200,3,0.988998,0.955128,0.422343,0.532786
gemma-3-12b-it,verse,0.05,16,64,0.25,9120,9120,1200,3,0.997095,0.990486,0.728872,0.261615
gemma-3-12b-it,verse,0.05,24,64,0.375,9120,9120,1200,3,0.99929,0.997375,0.910675,0.0867
gemma-3-12b-it,verse,0.05,32,64,0.5,9120,9120,1200,3,1.0,0.999829,0.993565,0.006264
gemma-3-12b-it,verse,0.05,48,64,0.75,9120,9120,1200,3,1.0,1.0,1.0,0.0
gemma-3-12b-it,verse,0.05,64,64,1.0,9120,9120,1200,3,1.0,1.0,1.0,0.0
gemma-3-12b-it,verse,0.05,96,64,1.5,9120,9120,1200,3,1.0,1.0,1.0,0.0
gemma-3-12b-it,verse,0.05,128,64,2.0,9120,9120,1200,3,1.0,1.0,1.0,0.0
gemma-3-12b-it,verse,0.05,2,128,0.0156,9120,9120,1200,3,0.930189,0.734215,0.104481,0.629734
gemma-3-12b-it,verse,0.05,4,128,0.0312,9120,9120,1200,3,0.971697,0.664323,0.141989,0.522334
gemma-3-12b-it,verse,0.05,8,128,0.0625,9120,9120,1200,3,0.986643,0.955302,0.288942,0.66636
gemma-3-12b-it,verse,0.05,16,128,0.125,9120,9120,1200,3,0.99389,0.983724,0.523901,0.459823
gemma-3-12b-it,verse,0.05,24,128,0.1875,9120,9120,1200,3,0.996386,0.99187,0.678215,0.313655
gemma-3-12b-it,verse,0.05,32,128,0.25,9120,9120,1200,3,0.997855,0.995256,0.792925,0.202331
gemma-3-12b-it,verse,0.05,48,128,0.375,9120,9120,1200,3,0.999498,0.998712,0.935445,0.063267
gemma-3-12b-it,verse,0.05,64,128,0.5,9120,9120,1200,3,1.0,0.999977,0.998342,0.001635
gemma-3-12b-it,verse,0.05,96,128,0.75,9120,9120,1200,3,1.0,1.0,1.0,0.0
gemma-3-12b-it,verse,0.05,128,128,1.0,9120,9120,1200,3,1.0,1.0,1.0,0.0
gemma-3-12b-it,verse,0.05,2,256,0.0078,9120,9120,1200,3,0.944608,0.720278,0.0705,0.649778
gemma-3-12b-it,verse,0.05,4,256,0.0156,9120,9120,1200,3,0.969902,0.627364,0.109227,0.518136
gemma-3-12b-it,verse,0.05,8,256,0.0312,9120,9120,1200,3,0.986915,0.960474,0.211791,0.748683
gemma-3-12b-it,verse,0.05,16,256,0.0625,9120,9120,1200,3,0.992273,0.981764,0.373725,0.60804
gemma-3-12b-it,verse,0.05,24,256,0.0938,9120,9120,1200,3,0.995226,0.988895,0.492325,0.496571
gemma-3-12b-it,verse,0.05,32,256,0.125,9120,9120,1200,3,0.996789,0.992363,0.580035,0.412328
gemma-3-12b-it,verse,0.05,48,256,0.1875,9120,9120,1200,3,0.998407,0.995779,0.724459,0.27132
gemma-3-12b-it,verse,0.05,64,256,0.25,9120,9120,1200,3,0.999063,0.997345,0.824169,0.173175
gemma-3-12b-it,verse,0.05,96,256,0.375,9120,9120,1200,3,0.999723,0.999245,0.952161,0.047084
gemma-3-12b-it,verse,0.05,128,256,0.5,9120,9120,1200,3,1.0,0.999995,0.999643,0.000352
gemma-3-12b-it,verse,0.05,2,384,0.0052,9120,9120,1200,3,0.949286,0.745286,0.056024,0.689263
gemma-3-12b-it,verse,0.05,4,384,0.0104,9120,9120,1200,3,0.971479,0.670048,0.07848,0.591569
gemma-3-12b-it,verse,0.05,8,384,0.0208,9120,9120,1200,3,0.986866,0.957435,0.1629,0.794535
gemma-3-12b-it,verse,0.05,16,384,0.0417,9120,9120,1200,3,0.993169,0.980588,0.304084,0.676504
gemma-3-12b-it,verse,0.05,24,384,0.0625,9120,9120,1200,3,0.994816,0.987056,0.397489,0.589567
gemma-3-12b-it,verse,0.05,32,384,0.0833,9120,9120,1200,3,0.9964,0.990801,0.473661,0.51714
gemma-3-12b-it,verse,0.05,48,384,0.125,9120,9120,1200,3,0.997785,0.994655,0.597442,0.397214
gemma-3-12b-it,verse,0.05,64,384,0.1667,9120,9120,1200,3,0.998646,0.996238,0.696462,0.299776
gemma-3-12b-it,verse,0.05,96,384,0.25,9120,9120,1200,3,0.999383,0.99811,0.838813,0.159297
gemma-3-12b-it,verse,0.05,128,384,0.3333,9120,9120,1200,3,0.999701,0.99914,0.927889,0.071251
gemma-3-12b-it,verse,0.05,2,512,0.0039,9120,9120,1200,3,0.937801,0.742837,0.057527,0.685311
gemma-3-12b-it,verse,0.05,4,512,0.0078,9120,9120,1200,3,0.968653,0.666815,0.07615,0.590665
gemma-3-12b-it,verse,0.05,8,512,0.0156,9120,9120,1200,3,0.987558,0.9592,0.151118,0.808082
gemma-3-12b-it,verse,0.05,16,512,0.0312,9120,9120,1200,3,0.992965,0.980246,0.267591,0.712655
gemma-3-12b-it,verse,0.05,24,512,0.0469,9120,9120,1200,3,0.994599,0.986513,0.352391,0.634122
gemma-3-12b-it,verse,0.05,32,512,0.0625,9120,9120,1200,3,0.996709,0.990795,0.416043,0.574753
gemma-3-12b-it,verse,0.05,48,512,0.0938,9120,9120,1200,3,0.997676,0.994334,0.524068,0.470267
gemma-3-12b-it,verse,0.05,64,512,0.125,9120,9120,1200,3,0.998421,0.995934,0.612536,0.383398
gemma-3-12b-it,verse,0.05,96,512,0.1875,9120,9120,1200,3,0.999067,0.997673,0.747359,0.250314
gemma-3-12b-it,verse,0.05,128,512,0.25,9120,9120,1200,3,0.999458,0.998568,0.842958,0.15561
gemma-3-12b-it,verse,0.05,2,640,0.0031,9120,9120,1200,3,0.934061,0.719649,0.045544,0.674106
gemma-3-12b-it,verse,0.05,4,640,0.0063,9120,9120,1200,3,0.965849,0.655008,0.066588,0.58842
gemma-3-12b-it,verse,0.05,8,640,0.0125,9120,9120,1200,3,0.987037,0.958817,0.128723,0.830094
gemma-3-12b-it,verse,0.05,16,640,0.025,9120,9120,1200,3,0.992281,0.980159,0.232259,0.7479
gemma-3-12b-it,verse,0.05,24,640,0.0375,9120,9120,1200,3,0.994388,0.98636,0.311129,0.675231
gemma-3-12b-it,verse,0.05,32,640,0.05,9120,9120,1200,3,0.995809,0.990171,0.373882,0.616289
gemma-3-12b-it,verse,0.05,48,640,0.075,9120,9120,1200,3,0.997357,0.993599,0.472688,0.520911
gemma-3-12b-it,verse,0.05,64,640,0.1,9120,9120,1200,3,0.998222,0.995422,0.550128,0.445294
gemma-3-12b-it,verse,0.05,96,640,0.15,9120,9120,1200,3,0.998911,0.997219,0.677984,0.319236
gemma-3-12b-it,verse,0.05,128,640,0.2,9120,9120,1200,3,0.999355,0.998215,0.770915,0.2273
gemma-3-12b-it,summarization,0.05,2,64,0.0312,9120,9120,1200,3,0.679018,0.601038,0.115141,0.485896
gemma-3-12b-it,summarization,0.05,4,64,0.0625,9120,9120,1200,3,0.879559,0.548104,0.187914,0.36019
gemma-3-12b-it,summarization,0.05,8,64,0.125,9120,9120,1200,3,0.943943,0.771367,0.414859,0.356507
gemma-3-12b-it,summarization,0.05,16,64,0.25,9120,9120,1200,3,0.976262,0.916173,0.736733,0.17944
gemma-3-12b-it,summarization,0.05,24,64,0.375,9120,9120,1200,3,0.993695,0.978877,0.91176,0.067117
gemma-3-12b-it,summarization,0.05,32,64,0.5,9120,9120,1200,3,1.0,0.999059,0.99398,0.005079
gemma-3-12b-it,summarization,0.05,48,64,0.75,9120,9120,1200,3,1.0,1.0,1.0,0.0
gemma-3-12b-it,summarization,0.05,64,64,1.0,9120,9120,1200,3,1.0,1.0,1.0,0.0
gemma-3-12b-it,summarization,0.05,96,64,1.5,9120,9120,1200,3,1.0,1.0,1.0,0.0
gemma-3-12b-it,summarization,0.05,128,64,2.0,9120,9120,1200,3,1.0,1.0,1.0,0.0
gemma-3-12b-it,summarization,0.05,2,128,0.0156,9120,9120,1200,3,0.637338,0.547573,0.11765,0.429923
gemma-3-12b-it,summarization,0.05,4,128,0.0312,9120,9120,1200,3,0.865788,0.57544,0.150097,0.425342
gemma-3-12b-it,summarization,0.05,8,128,0.0625,9120,9120,1200,3,0.912365,0.68755,0.296237,0.391313
gemma-3-12b-it,summarization,0.05,16,128,0.125,9120,9120,1200,3,0.959619,0.847277,0.521013,0.326263
gemma-3-12b-it,summarization,0.05,24,128,0.1875,9120,9120,1200,3,0.973617,0.905676,0.676769,0.228907
gemma-3-12b-it,summarization,0.05,32,128,0.25,9120,9120,1200,3,0.983891,0.948221,0.799481,0.14874
gemma-3-12b-it,summarization,0.05,48,128,0.375,9120,9120,1200,3,0.995556,0.986032,0.940981,0.045052
gemma-3-12b-it,summarization,0.05,64,128,0.5,9120,9120,1200,3,1.0,0.999788,0.998563,0.001225
gemma-3-12b-it,summarization,0.05,96,128,0.75,9120,9120,1200,3,1.0,1.0,1.0,0.0
gemma-3-12b-it,summarization,0.05,128,128,1.0,9120,9120,1200,3,1.0,1.0,1.0,0.0
gemma-3-12b-it,summarization,0.05,2,256,0.0078,9120,9120,1200,3,0.724282,0.551976,0.077363,0.474612
gemma-3-12b-it,summarization,0.05,4,256,0.0156,9120,9120,1200,3,0.849891,0.49681,0.104723,0.392087
gemma-3-12b-it,summarization,0.05,8,256,0.0312,9120,9120,1200,3,0.91628,0.655039,0.207171,0.447868
gemma-3-12b-it,summarization,0.05,16,256,0.0625,9120,9120,1200,3,0.948452,0.805836,0.376878,0.428957
gemma-3-12b-it,summarization,0.05,24,256,0.0938,9120,9120,1200,3,0.962304,0.872536,0.490369,0.382167
gemma-3-12b-it,summarization,0.05,32,256,0.125,9120,9120,1200,3,0.973357,0.908657,0.580417,0.32824
gemma-3-12b-it,summarization,0.05,48,256,0.1875,9120,9120,1200,3,0.982959,0.945088,0.726427,0.218661
gemma-3-12b-it,summarization,0.05,64,256,0.25,9120,9120,1200,3,0.99003,0.967086,0.827644,0.139442
gemma-3-12b-it,summarization,0.05,96,256,0.375,9120,9120,1200,3,0.996499,0.991471,0.954885,0.036586
gemma-3-12b-it,summarization,0.05,128,256,0.5,9120,9120,1200,3,1.0,0.999943,0.999624,0.000319
gemma-3-12b-it,summarization,0.05,2,384,0.0052,9120,9120,1200,3,0.687426,0.579662,0.062115,0.517547
gemma-3-12b-it,summarization,0.05,4,384,0.0104,9120,9120,1200,3,0.862974,0.53234,0.081174,0.451167
gemma-3-12b-it,summarization,0.05,8,384,0.0208,9120,9120,1200,3,0.909962,0.665953,0.170024,0.495929
gemma-3-12b-it,summarization,0.05,16,384,0.0417,9120,9120,1200,3,0.952537,0.794462,0.303969,0.490493
gemma-3-12b-it,summarization,0.05,24,384,0.0625,9120,9120,1200,3,0.964387,0.863643,0.403265,0.460378
gemma-3-12b-it,summarization,0.05,32,384,0.0833,9120,9120,1200,3,0.971519,0.896855,0.479418,0.417437
gemma-3-12b-it,summarization,0.05,48,384,0.125,9120,9120,1200,3,0.980883,0.932218,0.603076,0.329143
gemma-3-12b-it,summarization,0.05,64,384,0.1667,9120,9120,1200,3,0.985987,0.951657,0.699981,0.251676
gemma-3-12b-it,summarization,0.05,96,384,0.25,9120,9120,1200,3,0.991818,0.973884,0.836099,0.137785
gemma-3-12b-it,summarization,0.05,128,384,0.3333,9120,9120,1200,3,0.995433,0.987539,0.928118,0.059421
gemma-3-12b-it,summarization,0.05,2,512,0.0039,9120,9120,1200,3,0.743225,0.597703,0.056013,0.541691
gemma-3-12b-it,summarization,0.05,4,512,0.0078,9120,9120,1200,3,0.844114,0.513765,0.079736,0.434029
gemma-3-12b-it,summarization,0.05,8,512,0.0156,9120,9120,1200,3,0.910103,0.650498,0.146811,0.503687
gemma-3-12b-it,summarization,0.05,16,512,0.0312,9120,9120,1200,3,0.941661,0.779988,0.265832,0.514157
gemma-3-12b-it,summarization,0.05,24,512,0.0469,9120,9120,1200,3,0.958725,0.851401,0.353769,0.497632
gemma-3-12b-it,summarization,0.05,32,512,0.0625,9120,9120,1200,3,0.965395,0.881996,0.42182,0.460176
gemma-3-12b-it,summarization,0.05,48,512,0.0938,9120,9120,1200,3,0.974888,0.916366,0.529753,0.386613
gemma-3-12b-it,summarization,0.05,64,512,0.125,9120,9120,1200,3,0.981886,0.937541,0.615823,0.321718
gemma-3-12b-it,summarization,0.05,96,512,0.1875,9120,9120,1200,3,0.989583,0.962182,0.747864,0.214317
gemma-3-12b-it,summarization,0.05,128,512,0.25,9120,9120,1200,3,0.99289,0.976658,0.84816,0.128498
gemma-3-12b-it,summarization,0.05,2,640,0.0031,9120,9120,1200,3,0.734348,0.573046,0.049049,0.523997
gemma-3-12b-it,summarization,0.05,4,640,0.0063,9120,9120,1200,3,0.845618,0.524033,0.067251,0.456783
gemma-3-12b-it,summarization,0.05,8,640,0.0125,9120,9120,1200,3,0.902804,0.64703,0.133527,0.513503
gemma-3-12b-it,summarization,0.05,16,640,0.025,9120,9120,1200,3,0.940399,0.777246,0.238139,0.539106
gemma-3-12b-it,summarization,0.05,24,640,0.0375,9120,9120,1200,3,0.956355,0.841332,0.311638,0.529694
gemma-3-12b-it,summarization,0.05,32,640,0.05,9120,9120,1200,3,0.963212,0.877088,0.371734,0.505354
gemma-3-12b-it,summarization,0.05,48,640,0.075,9120,9120,1200,3,0.973741,0.911133,0.466827,0.444306
gemma-3-12b-it,summarization,0.05,64,640,0.1,9120,9120,1200,3,0.979978,0.930542,0.552765,0.377777
gemma-3-12b-it,summarization,0.05,96,640,0.15,9120,9120,1200,3,0.98695,0.954182,0.678864,0.275319
gemma-3-12b-it,summarization,0.05,128,640,0.2,9120,9120,1200,3,0.990425,0.968365,0.774567,0.193798
gemma-3-12b-it,persona,0.05,2,64,0.0312,9120,9120,1200,3,0.969877,0.637679,0.146036,0.491643
gemma-3-12b-it,persona,0.05,4,64,0.0625,9120,9120,1200,3,0.987095,0.87003,0.183694,0.686337
gemma-3-12b-it,persona,0.05,8,64,0.125,9120,9120,1200,3,0.991777,0.96287,0.412859,0.550011
gemma-3-12b-it,persona,0.05,16,64,0.25,9120,9120,1200,3,0.996252,0.990806,0.735084,0.255721
gemma-3-12b-it,persona,0.05,24,64,0.375,9120,9120,1200,3,0.999163,0.99728,0.913213,0.084067
gemma-3-12b-it,persona,0.05,32,64,0.5,9120,9120,1200,3,1.0,0.999945,0.994444,0.005501
gemma-3-12b-it,persona,0.05,48,64,0.75,9120,9120,1200,3,1.0,1.0,1.0,0.0
gemma-3-12b-it,persona,0.05,64,64,1.0,9120,9120,1200,3,1.0,1.0,1.0,0.0
gemma-3-12b-it,persona,0.05,96,64,1.5,9120,9120,1200,3,1.0,1.0,1.0,0.0
gemma-3-12b-it,persona,0.05,128,64,2.0,9120,9120,1200,3,1.0,1.0,1.0,0.0
gemma-3-12b-it,persona,0.05,2,128,0.0156,9120,9120,1200,3,0.929342,0.547312,0.103789,0.443523
gemma-3-12b-it,persona,0.05,4,128,0.0312,9120,9120,1200,3,0.985657,0.895369,0.155358,0.740012
gemma-3-12b-it,persona,0.05,8,128,0.0625,9120,9120,1200,3,0.989831,0.955958,0.291451,0.664507
gemma-3-12b-it,persona,0.05,16,128,0.125,9120,9120,1200,3,0.994242,0.982463,0.518336,0.464127
gemma-3-12b-it,persona,0.05,24,128,0.1875,9120,9120,1200,3,0.997163,0.990883,0.683333,0.30755
gemma-3-12b-it,persona,0.05,32,128,0.25,9120,9120,1200,3,0.998198,0.99465,0.792495,0.202155
gemma-3-12b-it,persona,0.05,48,128,0.375,9120,9120,1200,3,0.999392,0.998754,0.941348,0.057406
gemma-3-12b-it,persona,0.05,64,128,0.5,9120,9120,1200,3,1.0,0.999998,0.998821,0.001176
gemma-3-12b-it,persona,0.05,96,128,0.75,9120,9120,1200,3,1.0,1.0,1.0,0.0
gemma-3-12b-it,persona,0.05,128,128,1.0,9120,9120,1200,3,1.0,1.0,1.0,0.0
gemma-3-12b-it,persona,0.05,2,256,0.0078,9120,9120,1200,3,0.961984,0.532281,0.072061,0.46022
gemma-3-12b-it,persona,0.05,4,256,0.0156,9120,9120,1200,3,0.986344,0.877508,0.106787,0.770721
gemma-3-12b-it,persona,0.05,8,256,0.0312,9120,9120,1200,3,0.991534,0.957601,0.211247,0.746354
gemma-3-12b-it,persona,0.05,16,256,0.0625,9120,9120,1200,3,0.993498,0.979785,0.373147,0.606638
gemma-3-12b-it,persona,0.05,24,256,0.0938,9120,9120,1200,3,0.995256,0.987163,0.484916,0.502247
gemma-3-12b-it,persona,0.05,32,256,0.125,9120,9120,1200,3,0.996303,0.990924,0.576625,0.414299
gemma-3-12b-it,persona,0.05,48,256,0.1875,9120,9120,1200,3,0.997804,0.99479,0.720024,0.274766
gemma-3-12b-it,persona,0.05,64,256,0.25,9120,9120,1200,3,0.99856,0.997031,0.825164,0.171867
gemma-3-12b-it,persona,0.05,96,256,0.375,9120,9120,1200,3,0.999626,0.999249,0.954973,0.044275
gemma-3-12b-it,persona,0.05,128,256,0.5,9120,9120,1200,3,1.0,1.0,0.999734,0.000265
gemma-3-12b-it,persona,0.05,2,384,0.0052,9120,9120,1200,3,0.946082,0.614338,0.055628,0.55871
gemma-3-12b-it,persona,0.05,4,384,0.0104,9120,9120,1200,3,0.984361,0.889419,0.088926,0.800493
gemma-3-12b-it,persona,0.05,8,384,0.0208,9120,9120,1200,3,0.991305,0.953495,0.178844,0.774651
gemma-3-12b-it,persona,0.05,16,384,0.0417,9120,9120,1200,3,0.993068,0.979702,0.308676,0.671026
gemma-3-12b-it,persona,0.05,24,384,0.0625,9120,9120,1200,3,0.994781,0.986122,0.402165,0.583957
gemma-3-12b-it,persona,0.05,32,384,0.0833,9120,9120,1200,3,0.995937,0.989817,0.476268,0.513548
gemma-3-12b-it,persona,0.05,48,384,0.125,9120,9120,1200,3,0.997239,0.993773,0.599225,0.394548
gemma-3-12b-it,persona,0.05,64,384,0.1667,9120,9120,1200,3,0.997942,0.995773,0.694369,0.301405
gemma-3-12b-it,persona,0.05,96,384,0.25,9120,9120,1200,3,0.998931,0.997942,0.837799,0.160143
gemma-3-12b-it,persona,0.05,128,384,0.3333,9120,9120,1200,3,0.999523,0.999128,0.929222,0.069906
gemma-3-12b-it,persona,0.05,2,512,0.0039,9120,9120,1200,3,0.977524,0.706911,0.050922,0.655989
gemma-3-12b-it,persona,0.05,4,512,0.0078,9120,9120,1200,3,0.988421,0.886986,0.079423,0.807563
gemma-3-12b-it,persona,0.05,8,512,0.0156,9120,9120,1200,3,0.992543,0.954492,0.150488,0.804004
gemma-3-12b-it,persona,0.05,16,512,0.0312,9120,9120,1200,3,0.993759,0.980288,0.263003,0.717285
gemma-3-12b-it,persona,0.05,24,512,0.0469,9120,9120,1200,3,0.995128,0.986313,0.349644,0.636669
gemma-3-12b-it,persona,0.05,32,512,0.0625,9120,9120,1200,3,0.995973,0.989753,0.418578,0.571175
gemma-3-12b-it,persona,0.05,48,512,0.0938,9120,9120,1200,3,0.997265,0.993285,0.528614,0.464672
gemma-3-12b-it,persona,0.05,64,512,0.125,9120,9120,1200,3,0.997994,0.995587,0.615435,0.380152
gemma-3-12b-it,persona,0.05,96,512,0.1875,9120,9120,1200,3,0.998846,0.997363,0.750099,0.247264
gemma-3-12b-it,persona,0.05,128,512,0.25,9120,9120,1200,3,0.99924,0.998436,0.847782,0.150655
gemma-3-12b-it,persona,0.05,2,640,0.0031,9120,9120,1200,3,0.964596,0.585702,0.041876,0.543826
gemma-3-12b-it,persona,0.05,4,640,0.0063,9120,9120,1200,3,0.987255,0.887191,0.060932,0.826259
gemma-3-12b-it,persona,0.05,8,640,0.0125,9120,9120,1200,3,0.990993,0.950803,0.122181,0.828622
gemma-3-12b-it,persona,0.05,16,640,0.025,9120,9120,1200,3,0.992421,0.97935,0.236147,0.743203
gemma-3-12b-it,persona,0.05,24,640,0.0375,9120,9120,1200,3,0.993918,0.985637,0.312106,0.673531
gemma-3-12b-it,persona,0.05,32,640,0.05,9120,9120,1200,3,0.995287,0.98899,0.372394,0.616597
gemma-3-12b-it,persona,0.05,48,640,0.075,9120,9120,1200,3,0.9966,0.99302,0.472787,0.520233
gemma-3-12b-it,persona,0.05,64,640,0.1,9120,9120,1200,3,0.997379,0.994892,0.552486,0.442406
gemma-3-12b-it,persona,0.05,96,640,0.15,9120,9120,1200,3,0.998373,0.996896,0.67756,0.319336
gemma-3-12b-it,persona,0.05,128,640,0.2,9120,9120,1200,3,0.998926,0.997892,0.773575,0.224318
gemma-3-12b-it,bias,0.05,2,64,0.0312,9120,9120,1200,3,0.81432,0.578388,0.163157,0.415231
gemma-3-12b-it,bias,0.05,4,64,0.0625,9120,9120,1200,3,0.897285,0.548619,0.220987,0.327632
gemma-3-12b-it,bias,0.05,8,64,0.125,9120,9120,1200,3,0.949505,0.761095,0.415325,0.34577
gemma-3-12b-it,bias,0.05,16,64,0.25,9120,9120,1200,3,0.981884,0.932178,0.727786,0.204392
gemma-3-12b-it,bias,0.05,24,64,0.375,9120,9120,1200,3,0.997033,0.987541,0.911589,0.075951
gemma-3-12b-it,bias,0.05,32,64,0.5,9120,9120,1200,3,1.0,0.99997,0.994921,0.005049
gemma-3-12b-it,bias,0.05,48,64,0.75,9120,9120,1200,3,1.0,1.0,1.0,0.0
gemma-3-12b-it,bias,0.05,64,64,1.0,9120,9120,1200,3,1.0,1.0,1.0,0.0
gemma-3-12b-it,bias,0.05,96,64,1.5,9120,9120,1200,3,1.0,1.0,1.0,0.0
gemma-3-12b-it,bias,0.05,128,64,2.0,9120,9120,1200,3,1.0,1.0,1.0,0.0
gemma-3-12b-it,bias,0.05,2,128,0.0156,9120,9120,1200,3,0.781644,0.597763,0.103767,0.493996
gemma-3-12b-it,bias,0.05,4,128,0.0312,9120,9120,1200,3,0.877035,0.535519,0.14286,0.392659
gemma-3-12b-it,bias,0.05,8,128,0.0625,9120,9120,1200,3,0.937931,0.683874,0.299815,0.384059
gemma-3-12b-it,bias,0.05,16,128,0.125,9120,9120,1200,3,0.969582,0.871583,0.526461,0.345122
gemma-3-12b-it,bias,0.05,24,128,0.1875,9120,9120,1200,3,0.979832,0.923431,0.686053,0.237378
gemma-3-12b-it,bias,0.05,32,128,0.25,9120,9120,1200,3,0.986201,0.954943,0.803061,0.151882
gemma-3-12b-it,bias,0.05,48,128,0.375,9120,9120,1200,3,0.996975,0.991707,0.94676,0.044947
gemma-3-12b-it,bias,0.05,64,128,0.5,9120,9120,1200,3,1.0,0.999993,0.999022,0.00097
gemma-3-12b-it,bias,0.05,96,128,0.75,9120,9120,1200,3,1.0,1.0,1.0,0.0
gemma-3-12b-it,bias,0.05,128,128,1.0,9120,9120,1200,3,1.0,1.0,1.0,0.0
gemma-3-12b-it,bias,0.05,2,256,0.0078,9120,9120,1200,3,0.823451,0.591284,0.078004,0.51328
gemma-3-12b-it,bias,0.05,4,256,0.0156,9120,9120,1200,3,0.885197,0.525401,0.105235,0.420166
gemma-3-12b-it,bias,0.05,8,256,0.0312,9120,9120,1200,3,0.931053,0.671758,0.214454,0.457303
gemma-3-12b-it,bias,0.05,16,256,0.0625,9120,9120,1200,3,0.96309,0.828022,0.375405,0.452617
gemma-3-12b-it,bias,0.05,24,256,0.0938,9120,9120,1200,3,0.974669,0.887695,0.494256,0.39344
gemma-3-12b-it,bias,0.05,32,256,0.125,9120,9120,1200,3,0.979866,0.921834,0.589274,0.33256
gemma-3-12b-it,bias,0.05,48,256,0.1875,9120,9120,1200,3,0.987961,0.954218,0.727555,0.226664
gemma-3-12b-it,bias,0.05,64,256,0.25,9120,9120,1200,3,0.993437,0.97551,0.831267,0.144243
gemma-3-12b-it,bias,0.05,96,256,0.375,9120,9120,1200,3,0.998724,0.995835,0.959567,0.036269
gemma-3-12b-it,bias,0.05,128,256,0.5,9120,9120,1200,3,1.0,0.999997,0.999762,0.000235
gemma-3-12b-it,bias,0.05,2,384,0.0052,9120,9120,1200,3,0.743906,0.608824,0.066181,0.542644
gemma-3-12b-it,bias,0.05,4,384,0.0104,9120,9120,1200,3,0.894785,0.535362,0.094382,0.44098
gemma-3-12b-it,bias,0.05,8,384,0.0208,9120,9120,1200,3,0.938881,0.665434,0.177223,0.488211
gemma-3-12b-it,bias,0.05,16,384,0.0417,9120,9120,1200,3,0.962384,0.826868,0.303357,0.523511
gemma-3-12b-it,bias,0.05,24,384,0.0625,9120,9120,1200,3,0.973578,0.880293,0.406777,0.473516
gemma-3-12b-it,bias,0.05,32,384,0.0833,9120,9120,1200,3,0.978124,0.907762,0.480751,0.427011
gemma-3-12b-it,bias,0.05,48,384,0.125,9120,9120,1200,3,0.986092,0.940374,0.606932,0.333443
gemma-3-12b-it,bias,0.05,64,384,0.1667,9120,9120,1200,3,0.990728,0.957541,0.702681,0.25486
gemma-3-12b-it,bias,0.05,96,384,0.25,9120,9120,1200,3,0.995204,0.980309,0.843843,0.136466
gemma-3-12b-it,bias,0.05,128,384,0.3333,9120,9120,1200,3,0.997837,0.992659,0.93239,0.060269
gemma-3-12b-it,bias,0.05,2,512,0.0039,9120,9120,1200,3,0.864067,0.54291,0.048088,0.494822
gemma-3-12b-it,bias,0.05,4,512,0.0078,9120,9120,1200,3,0.911135,0.530042,0.075013,0.455029
gemma-3-12b-it,bias,0.05,8,512,0.0156,9120,9120,1200,3,0.941479,0.67474,0.150915,0.523825
gemma-3-12b-it,bias,0.05,16,512,0.0312,9120,9120,1200,3,0.966357,0.823392,0.272334,0.551058
gemma-3-12b-it,bias,0.05,24,512,0.0469,9120,9120,1200,3,0.973617,0.874569,0.355173,0.519396
gemma-3-12b-it,bias,0.05,32,512,0.0625,9120,9120,1200,3,0.978251,0.901324,0.420735,0.48059
gemma-3-12b-it,bias,0.05,48,512,0.0938,9120,9120,1200,3,0.984812,0.934555,0.527327,0.407228
gemma-3-12b-it,bias,0.05,64,512,0.125,9120,9120,1200,3,0.988611,0.951203,0.61673,0.334473
gemma-3-12b-it,bias,0.05,96,512,0.1875,9120,9120,1200,3,0.99325,0.973538,0.754188,0.21935
gemma-3-12b-it,bias,0.05,128,512,0.25,9120,9120,1200,3,0.996434,0.985809,0.853437,0.132372
gemma-3-12b-it,bias,0.05,2,640,0.0031,9120,9120,1200,3,0.815367,0.552574,0.042907,0.509666
gemma-3-12b-it,bias,0.05,4,640,0.0063,9120,9120,1200,3,0.892601,0.529534,0.068609,0.460926
gemma-3-12b-it,bias,0.05,8,640,0.0125,9120,9120,1200,3,0.934391,0.662769,0.130267,0.532502
gemma-3-12b-it,bias,0.05,16,640,0.025,9120,9120,1200,3,0.960632,0.814962,0.235669,0.579293
gemma-3-12b-it,bias,0.05,24,640,0.0375,9120,9120,1200,3,0.969052,0.870803,0.310764,0.560039
gemma-3-12b-it,bias,0.05,32,640,0.05,9120,9120,1200,3,0.973663,0.892281,0.371963,0.520318
gemma-3-12b-it,bias,0.05,48,640,0.075,9120,9120,1200,3,0.982156,0.92657,0.475795,0.450775
gemma-3-12b-it,bias,0.05,64,640,0.1,9120,9120,1200,3,0.986338,0.944166,0.555541,0.388625
gemma-3-12b-it,bias,0.05,96,640,0.15,9120,9120,1200,3,0.991632,0.965683,0.683014,0.282669
gemma-3-12b-it,bias,0.05,128,640,0.2,9120,9120,1200,3,0.995054,0.97941,0.779812,0.199598
gemma-3-12b-it,factual recall,0.05,2,64,0.0312,9120,9120,1200,3,0.605069,0.382948,0.164347,0.218601
gemma-3-12b-it,factual recall,0.05,4,64,0.0625,9120,9120,1200,3,0.774036,0.427831,0.206377,0.221453
gemma-3-12b-it,factual recall,0.05,8,64,0.125,9120,9120,1200,3,0.908847,0.649611,0.407509,0.242102
gemma-3-12b-it,factual recall,0.05,16,64,0.25,9120,9120,1200,3,0.962091,0.870941,0.737206,0.133735
gemma-3-12b-it,factual recall,0.05,24,64,0.375,9120,9120,1200,3,0.990288,0.969744,0.912146,0.057597
gemma-3-12b-it,factual recall,0.05,32,64,0.5,9120,9120,1200,3,1.0,0.998109,0.994457,0.003651
gemma-3-12b-it,factual recall,0.05,48,64,0.75,9120,9120,1200,3,1.0,1.0,1.0,0.0
gemma-3-12b-it,factual recall,0.05,64,64,1.0,9120,9120,1200,3,1.0,1.0,1.0,0.0
gemma-3-12b-it,factual recall,0.05,96,64,1.5,9120,9120,1200,3,1.0,1.0,1.0,0.0
gemma-3-12b-it,factual recall,0.05,128,64,2.0,9120,9120,1200,3,1.0,1.0,1.0,0.0
gemma-3-12b-it,factual recall,0.05,2,128,0.0156,9120,9120,1200,3,0.503443,0.326142,0.112473,0.21367
gemma-3-12b-it,factual recall,0.05,4,128,0.0312,9120,9120,1200,3,0.742143,0.424261,0.168556,0.255705
gemma-3-12b-it,factual recall,0.05,8,128,0.0625,9120,9120,1200,3,0.871486,0.633125,0.302287,0.330838
gemma-3-12b-it,factual recall,0.05,16,128,0.125,9120,9120,1200,3,0.926151,0.813203,0.5269,0.286303
gemma-3-12b-it,factual recall,0.05,24,128,0.1875,9120,9120,1200,3,0.958479,0.893356,0.689938,0.203418
gemma-3-12b-it,factual recall,0.05,32,128,0.25,9120,9120,1200,3,0.972672,0.942339,0.79877,0.143568
gemma-3-12b-it,factual recall,0.05,48,128,0.375,9120,9120,1200,3,0.992078,0.981292,0.940612,0.040681
gemma-3-12b-it,factual recall,0.05,64,128,0.5,9120,9120,1200,3,1.0,0.999591,0.998553,0.001038
gemma-3-12b-it,factual recall,0.05,96,128,0.75,9120,9120,1200,3,1.0,1.0,1.0,0.0
gemma-3-12b-it,factual recall,0.05,128,128,1.0,9120,9120,1200,3,1.0,1.0,1.0,0.0
gemma-3-12b-it,factual recall,0.05,2,256,0.0078,9120,9120,1200,3,0.502325,0.351441,0.072897,0.278544
gemma-3-12b-it,factual recall,0.05,4,256,0.0156,9120,9120,1200,3,0.744336,0.394676,0.104457,0.290219
gemma-3-12b-it,factual recall,0.05,8,256,0.0312,9120,9120,1200,3,0.854363,0.619119,0.193744,0.425376
gemma-3-12b-it,factual recall,0.05,16,256,0.0625,9120,9120,1200,3,0.916246,0.780548,0.373462,0.407086
gemma-3-12b-it,factual recall,0.05,24,256,0.0938,9120,9120,1200,3,0.942153,0.85434,0.493519,0.36082
gemma-3-12b-it,factual recall,0.05,32,256,0.125,9120,9120,1200,3,0.955931,0.887438,0.583563,0.303875
gemma-3-12b-it,factual recall,0.05,48,256,0.1875,9120,9120,1200,3,0.970398,0.92916,0.726618,0.202542
gemma-3-12b-it,factual recall,0.05,64,256,0.25,9120,9120,1200,3,0.97973,0.955451,0.829658,0.125794
gemma-3-12b-it,factual recall,0.05,96,256,0.375,9120,9120,1200,3,0.994622,0.987599,0.954893,0.032706
gemma-3-12b-it,factual recall,0.05,128,256,0.5,9120,9120,1200,3,1.0,0.999927,0.999643,0.000283
gemma-3-12b-it,factual recall,0.05,2,384,0.0052,9120,9120,1200,3,0.523035,0.343556,0.057092,0.286464
gemma-3-12b-it,factual recall,0.05,4,384,0.0104,9120,9120,1200,3,0.751959,0.329554,0.084049,0.245505
gemma-3-12b-it,factual recall,0.05,8,384,0.0208,9120,9120,1200,3,0.867006,0.611165,0.169597,0.441568
gemma-3-12b-it,factual recall,0.05,16,384,0.0417,9120,9120,1200,3,0.90288,0.760593,0.304978,0.455615
gemma-3-12b-it,factual recall,0.05,24,384,0.0625,9120,9120,1200,3,0.928187,0.83207,0.401111,0.430959
gemma-3-12b-it,factual recall,0.05,32,384,0.0833,9120,9120,1200,3,0.944733,0.870123,0.478883,0.391239
gemma-3-12b-it,factual recall,0.05,48,384,0.125,9120,9120,1200,3,0.960006,0.912664,0.605641,0.307023
gemma-3-12b-it,factual recall,0.05,64,384,0.1667,9120,9120,1200,3,0.97172,0.938683,0.700343,0.23834
gemma-3-12b-it,factual recall,0.05,96,384,0.25,9120,9120,1200,3,0.983331,0.966536,0.841735,0.124801
gemma-3-12b-it,factual recall,0.05,128,384,0.3333,9120,9120,1200,3,0.991445,0.984577,0.929295,0.055282
gemma-3-12b-it,factual recall,0.05,2,512,0.0039,9120,9120,1200,3,0.53694,0.343717,0.04894,0.294778
gemma-3-12b-it,factual recall,0.05,4,512,0.0078,9120,9120,1200,3,0.757343,0.394872,0.074101,0.320771
gemma-3-12b-it,factual recall,0.05,8,512,0.0156,9120,9120,1200,3,0.867833,0.58994,0.150264,0.439676
gemma-3-12b-it,factual recall,0.05,16,512,0.0312,9120,9120,1200,3,0.909734,0.756106,0.263612,0.492494
gemma-3-12b-it,factual recall,0.05,24,512,0.0469,9120,9120,1200,3,0.935407,0.828872,0.346405,0.482467
gemma-3-12b-it,factual recall,0.05,32,512,0.0625,9120,9120,1200,3,0.948248,0.862858,0.415784,0.447074
gemma-3-12b-it,factual recall,0.05,48,512,0.0938,9120,9120,1200,3,0.962215,0.898998,0.526552,0.372446
gemma-3-12b-it,factual recall,0.05,64,512,0.125,9120,9120,1200,3,0.971119,0.92519,0.613638,0.311552
gemma-3-12b-it,factual recall,0.05,96,512,0.1875,9120,9120,1200,3,0.980091,0.955191,0.746014,0.209177
gemma-3-12b-it,factual recall,0.05,128,512,0.25,9120,9120,1200,3,0.987336,0.972296,0.842304,0.129992
gemma-3-12b-it,factual recall,0.05,2,640,0.0031,9120,9120,1200,3,0.508006,0.33788,0.050191,0.287688
gemma-3-12b-it,factual recall,0.05,4,640,0.0063,9120,9120,1200,3,0.727137,0.315922,0.068194,0.247728
gemma-3-12b-it,factual recall,0.05,8,640,0.0125,9120,9120,1200,3,0.843718,0.579533,0.128815,0.450718
gemma-3-12b-it,factual recall,0.05,16,640,0.025,9120,9120,1200,3,0.894316,0.739073,0.239003,0.500071
gemma-3-12b-it,factual recall,0.05,24,640,0.0375,9120,9120,1200,3,0.924407,0.814457,0.311539,0.502919
gemma-3-12b-it,factual recall,0.05,32,640,0.05,9120,9120,1200,3,0.937546,0.85168,0.37472,0.47696
gemma-3-12b-it,factual recall,0.05,48,640,0.075,9120,9120,1200,3,0.957536,0.888172,0.475655,0.412517
gemma-3-12b-it,factual recall,0.05,64,640,0.1,9120,9120,1200,3,0.966478,0.915191,0.556287,0.358903
gemma-3-12b-it,factual recall,0.05,96,640,0.15,9120,9120,1200,3,0.975243,0.946658,0.682001,0.264658
gemma-3-12b-it,factual recall,0.05,128,640,0.2,9120,9120,1200,3,0.982532,0.962874,0.777789,0.185085
Qwen1.5-14B-Chat,verse,0.05,2,64,0.0312,10240,10240,1200,3,0.984843,0.972027,0.128851,0.843176
Qwen1.5-14B-Chat,verse,0.05,4,64,0.0625,10240,10240,1200,3,0.990991,0.942871,0.209075,0.733797
Qwen1.5-14B-Chat,verse,0.05,8,64,0.125,10240,10240,1200,3,0.994397,0.976744,0.421154,0.555589
Qwen1.5-14B-Chat,verse,0.05,16,64,0.25,10240,10240,1200,3,0.997892,0.99416,0.724938,0.269222
Qwen1.5-14B-Chat,verse,0.05,24,64,0.375,10240,10240,1200,3,0.999393,0.99824,0.910479,0.087762
Qwen1.5-14B-Chat,verse,0.05,32,64,0.5,10240,10240,1200,3,1.0,0.99993,0.994443,0.005487
Qwen1.5-14B-Chat,verse,0.05,48,64,0.75,10240,10240,1200,3,1.0,1.0,1.0,0.0
Qwen1.5-14B-Chat,verse,0.05,64,64,1.0,10240,10240,1200,3,1.0,1.0,1.0,0.0
Qwen1.5-14B-Chat,verse,0.05,96,64,1.5,10240,10240,1200,3,1.0,1.0,1.0,0.0
Qwen1.5-14B-Chat,verse,0.05,128,64,2.0,10240,10240,1200,3,1.0,1.0,1.0,0.0
Qwen1.5-14B-Chat,verse,0.05,2,128,0.0156,10240,10240,1200,3,0.988541,0.983466,0.097289,0.886178
Qwen1.5-14B-Chat,verse,0.05,4,128,0.0312,10240,10240,1200,3,0.992881,0.948497,0.139552,0.808945
Qwen1.5-14B-Chat,verse,0.05,8,128,0.0625,10240,10240,1200,3,0.995028,0.982326,0.289872,0.692454
Qwen1.5-14B-Chat,verse,0.05,16,128,0.125,10240,10240,1200,3,0.996841,0.991216,0.525737,0.465479
Qwen1.5-14B-Chat,verse,0.05,24,128,0.1875,10240,10240,1200,3,0.997823,0.994585,0.680749,0.313836
Qwen1.5-14B-Chat,verse,0.05,32,128,0.25,10240,10240,1200,3,0.998504,0.996535,0.793998,0.202537
Qwen1.5-14B-Chat,verse,0.05,48,128,0.375,10240,10240,1200,3,0.999563,0.998979,0.939231,0.059747
Qwen1.5-14B-Chat,verse,0.05,64,128,0.5,10240,10240,1200,3,1.0,0.999973,0.998405,0.001568
Qwen1.5-14B-Chat,verse,0.05,96,128,0.75,10240,10240,1200,3,1.0,1.0,1.0,0.0
Qwen1.5-14B-Chat,verse,0.05,128,128,1.0,10240,10240,1200,3,1.0,1.0,1.0,0.0
Qwen1.5-14B-Chat,verse,0.05,2,256,0.0078,10240,10240,1200,3,0.987472,0.967033,0.08254,0.884493
Qwen1.5-14B-Chat,verse,0.05,4,256,0.0156,10240,10240,1200,3,0.993093,0.951709,0.109791,0.841918
Qwen1.5-14B-Chat,verse,0.05,8,256,0.0312,10240,10240,1200,3,0.994523,0.97835,0.220033,0.758317
Qwen1.5-14B-Chat,verse,0.05,16,256,0.0625,10240,10240,1200,3,0.996438,0.988918,0.382173,0.606745
Qwen1.5-14B-Chat,verse,0.05,24,256,0.0938,10240,10240,1200,3,0.996965,0.991949,0.49336,0.498589
Qwen1.5-14B-Chat,verse,0.05,32,256,0.125,10240,10240,1200,3,0.997502,0.993946,0.583671,0.410275
Qwen1.5-14B-Chat,verse,0.05,48,256,0.1875,10240,10240,1200,3,0.998392,0.996182,0.719975,0.276207
Qwen1.5-14B-Chat,verse,0.05,64,256,0.25,10240,10240,1200,3,0.998992,0.997647,0.824385,0.173261
Qwen1.5-14B-Chat,verse,0.05,96,256,0.375,10240,10240,1200,3,0.99971,0.999292,0.952991,0.046301
Qwen1.5-14B-Chat,verse,0.05,128,256,0.5,10240,10240,1200,3,1.0,0.999995,0.999675,0.000319
Qwen1.5-14B-Chat,verse,0.05,2,384,0.0052,10240,10240,1200,3,0.987759,0.981806,0.050786,0.93102
Qwen1.5-14B-Chat,verse,0.05,4,384,0.0104,10240,10240,1200,3,0.993393,0.955559,0.083564,0.871996
Qwen1.5-14B-Chat,verse,0.05,8,384,0.0208,10240,10240,1200,3,0.995119,0.979949,0.167196,0.812753
Qwen1.5-14B-Chat,verse,0.05,16,384,0.0417,10240,10240,1200,3,0.996132,0.989488,0.303342,0.686146
Qwen1.5-14B-Chat,verse,0.05,24,384,0.0625,10240,10240,1200,3,0.996665,0.991477,0.403234,0.588243
Qwen1.5-14B-Chat,verse,0.05,32,384,0.0833,10240,10240,1200,3,0.997187,0.993137,0.482193,0.510944
Qwen1.5-14B-Chat,verse,0.05,48,384,0.125,10240,10240,1200,3,0.998317,0.995439,0.604047,0.391392
Qwen1.5-14B-Chat,verse,0.05,64,384,0.1667,10240,10240,1200,3,0.998766,0.996596,0.697599,0.298997
Qwen1.5-14B-Chat,verse,0.05,96,384,0.25,10240,10240,1200,3,0.999285,0.998162,0.83603,0.162133
Qwen1.5-14B-Chat,verse,0.05,128,384,0.3333,10240,10240,1200,3,0.999626,0.999142,0.927806,0.071336
Qwen1.5-14B-Chat,verse,0.05,2,512,0.0039,10240,10240,1200,3,0.985841,0.983621,0.050396,0.933225
Qwen1.5-14B-Chat,verse,0.05,4,512,0.0078,10240,10240,1200,3,0.992653,0.952916,0.073717,0.879199
Qwen1.5-14B-Chat,verse,0.05,8,512,0.0156,10240,10240,1200,3,0.994939,0.980806,0.143385,0.837421
Qwen1.5-14B-Chat,verse,0.05,16,512,0.0312,10240,10240,1200,3,0.995882,0.989034,0.263528,0.725506
Qwen1.5-14B-Chat,verse,0.05,24,512,0.0469,10240,10240,1200,3,0.996683,0.991237,0.351337,0.6399
Qwen1.5-14B-Chat,verse,0.05,32,512,0.0625,10240,10240,1200,3,0.997052,0.992872,0.417559,0.575313
Qwen1.5-14B-Chat,verse,0.05,48,512,0.0938,10240,10240,1200,3,0.998086,0.994806,0.527177,0.467629
Qwen1.5-14B-Chat,verse,0.05,64,512,0.125,10240,10240,1200,3,0.998591,0.996122,0.614255,0.381867
Qwen1.5-14B-Chat,verse,0.05,96,512,0.1875,10240,10240,1200,3,0.999132,0.997615,0.742764,0.25485
Qwen1.5-14B-Chat,verse,0.05,128,512,0.25,10240,10240,1200,3,0.999454,0.998487,0.840322,0.158164
Qwen1.5-14B-Chat,verse,0.05,2,640,0.0031,10240,10240,1200,3,0.985155,0.981334,0.038363,0.942971
Qwen1.5-14B-Chat,verse,0.05,4,640,0.0063,10240,10240,1200,3,0.992084,0.946652,0.061595,0.885056
Qwen1.5-14B-Chat,verse,0.05,8,640,0.0125,10240,10240,1200,3,0.994167,0.980065,0.130067,0.849998
Qwen1.5-14B-Chat,verse,0.05,16,640,0.025,10240,10240,1200,3,0.995304,0.988748,0.235865,0.752883
Qwen1.5-14B-Chat,verse,0.05,24,640,0.0375,10240,10240,1200,3,0.995929,0.990725,0.312729,0.677996
Qwen1.5-14B-Chat,verse,0.05,32,640,0.05,10240,10240,1200,3,0.996788,0.992631,0.374528,0.618103
Qwen1.5-14B-Chat,verse,0.05,48,640,0.075,10240,10240,1200,3,0.997972,0.994733,0.475088,0.519645
Qwen1.5-14B-Chat,verse,0.05,64,640,0.1,10240,10240,1200,3,0.998488,0.995811,0.553843,0.441968
Qwen1.5-14B-Chat,verse,0.05,96,640,0.15,10240,10240,1200,3,0.998932,0.99714,0.67882,0.31832
Qwen1.5-14B-Chat,verse,0.05,128,640,0.2,10240,10240,1200,3,0.999257,0.998003,0.773119,0.224884
Qwen1.5-14B-Chat,summarization,0.05,2,64,0.0312,10240,10240,1200,3,0.970452,0.947207,0.150266,0.796941
Qwen1.5-14B-Chat,summarization,0.05,4,64,0.0625,10240,10240,1200,3,0.989357,0.865805,0.219432,0.646373
Qwen1.5-14B-Chat,summarization,0.05,8,64,0.125,10240,10240,1200,3,0.993325,0.958782,0.420454,0.538328
Qwen1.5-14B-Chat,summarization,0.05,16,64,0.25,10240,10240,1200,3,0.997352,0.988403,0.733722,0.254681
Qwen1.5-14B-Chat,summarization,0.05,24,64,0.375,10240,10240,1200,3,0.999356,0.997177,0.919858,0.07732
Qwen1.5-14B-Chat,summarization,0.05,32,64,0.5,10240,10240,1200,3,1.0,0.999918,0.996158,0.00376
Qwen1.5-14B-Chat,summarization,0.05,48,64,0.75,10240,10240,1200,3,1.0,1.0,1.0,0.0
Qwen1.5-14B-Chat,summarization,0.05,64,64,1.0,10240,10240,1200,3,1.0,1.0,1.0,0.0
Qwen1.5-14B-Chat,summarization,0.05,96,64,1.5,10240,10240,1200,3,1.0,1.0,1.0,0.0
Qwen1.5-14B-Chat,summarization,0.05,128,64,2.0,10240,10240,1200,3,1.0,1.0,1.0,0.0
Qwen1.5-14B-Chat,summarization,0.05,2,128,0.0156,10240,10240,1200,3,0.986601,0.976873,0.097402,0.879472
Qwen1.5-14B-Chat,summarization,0.05,4,128,0.0312,10240,10240,1200,3,0.991009,0.819915,0.152862,0.667053
Qwen1.5-14B-Chat,summarization,0.05,8,128,0.0625,10240,10240,1200,3,0.993923,0.948415,0.299052,0.649363
Qwen1.5-14B-Chat,summarization,0.05,16,128,0.125,10240,10240,1200,3,0.995903,0.980797,0.532594,0.448203
Qwen1.5-14B-Chat,summarization,0.05,24,128,0.1875,10240,10240,1200,3,0.997187,0.99015,0.686969,0.303181
Qwen1.5-14B-Chat,summarization,0.05,32,128,0.25,10240,10240,1200,3,0.998375,0.994385,0.802315,0.19207
Qwen1.5-14B-Chat,summarization,0.05,48,128,0.375,10240,10240,1200,3,0.999504,0.998467,0.943949,0.054518
Qwen1.5-14B-Chat,summarization,0.05,64,128,0.5,10240,10240,1200,3,1.0,0.999985,0.998924,0.001061
Qwen1.5-14B-Chat,summarization,0.05,96,128,0.75,10240,10240,1200,3,1.0,1.0,1.0,0.0
Qwen1.5-14B-Chat,summarization,0.05,128,128,1.0,10240,10240,1200,3,1.0,1.0,1.0,0.0
Qwen1.5-14B-Chat,summarization,0.05,2,256,0.0078,10240,10240,1200,3,0.984447,0.975818,0.086595,0.889224
Qwen1.5-14B-Chat,summarization,0.05,4,256,0.0156,10240,10240,1200,3,0.992024,0.824449,0.108677,0.715771
Qwen1.5-14B-Chat,summarization,0.05,8,256,0.0312,10240,10240,1200,3,0.994729,0.958618,0.208755,0.749863
Qwen1.5-14B-Chat,summarization,0.05,16,256,0.0625,10240,10240,1200,3,0.995992,0.978898,0.381081,0.597817
Qwen1.5-14B-Chat,summarization,0.05,24,256,0.0938,10240,10240,1200,3,0.996809,0.985449,0.498556,0.486893
Qwen1.5-14B-Chat,summarization,0.05,32,256,0.125,10240,10240,1200,3,0.997404,0.988648,0.585736,0.402911
Qwen1.5-14B-Chat,summarization,0.05,48,256,0.1875,10240,10240,1200,3,0.998301,0.993048,0.720341,0.272707
Qwen1.5-14B-Chat,summarization,0.05,64,256,0.25,10240,10240,1200,3,0.998894,0.99577,0.824919,0.17085
Qwen1.5-14B-Chat,summarization,0.05,96,256,0.375,10240,10240,1200,3,0.999529,0.998871,0.955126,0.043745
Qwen1.5-14B-Chat,summarization,0.05,128,256,0.5,10240,10240,1200,3,1.0,0.999995,0.999757,0.000238
Qwen1.5-14B-Chat,summarization,0.05,2,384,0.0052,10240,10240,1200,3,0.984428,0.97808,0.042813,0.935268
Qwen1.5-14B-Chat,summarization,0.05,4,384,0.0104,10240,10240,1200,3,0.989766,0.865407,0.080486,0.784921
Qwen1.5-14B-Chat,summarization,0.05,8,384,0.0208,10240,10240,1200,3,0.994441,0.957992,0.169597,0.788395
Qwen1.5-14B-Chat,summarization,0.05,16,384,0.0417,10240,10240,1200,3,0.995862,0.976703,0.30117,0.675533
Qwen1.5-14B-Chat,summarization,0.05,24,384,0.0625,10240,10240,1200,3,0.996685,0.984025,0.400412,0.583613
Qwen1.5-14B-Chat,summarization,0.05,32,384,0.0833,10240,10240,1200,3,0.997254,0.987375,0.478079,0.509296
Qwen1.5-14B-Chat,summarization,0.05,48,384,0.125,10240,10240,1200,3,0.998059,0.991216,0.599808,0.391409
Qwen1.5-14B-Chat,summarization,0.05,64,384,0.1667,10240,10240,1200,3,0.998586,0.993638,0.695667,0.297971
Qwen1.5-14B-Chat,summarization,0.05,96,384,0.25,10240,10240,1200,3,0.999232,0.99654,0.837823,0.158717
Qwen1.5-14B-Chat,summarization,0.05,128,384,0.3333,10240,10240,1200,3,0.999536,0.998439,0.930026,0.068413
Qwen1.5-14B-Chat,summarization,0.05,2,512,0.0039,10240,10240,1200,3,0.984426,0.980289,0.052543,0.927746
Qwen1.5-14B-Chat,summarization,0.05,4,512,0.0078,10240,10240,1200,3,0.990293,0.84174,0.075178,0.766562
Qwen1.5-14B-Chat,summarization,0.05,8,512,0.0156,10240,10240,1200,3,0.994269,0.957383,0.146542,0.810841
Qwen1.5-14B-Chat,summarization,0.05,16,512,0.0312,10240,10240,1200,3,0.995842,0.978539,0.26041,0.718129
Qwen1.5-14B-Chat,summarization,0.05,24,512,0.0469,10240,10240,1200,3,0.99646,0.983724,0.345461,0.638263
Qwen1.5-14B-Chat,summarization,0.05,32,512,0.0625,10240,10240,1200,3,0.997069,0.98657,0.416424,0.570146
Qwen1.5-14B-Chat,summarization,0.05,48,512,0.0938,10240,10240,1200,3,0.997898,0.990285,0.524419,0.465866
Qwen1.5-14B-Chat,summarization,0.05,64,512,0.125,10240,10240,1200,3,0.998466,0.992836,0.614109,0.378727
Qwen1.5-14B-Chat,summarization,0.05,96,512,0.1875,10240,10240,1200,3,0.998972,0.995565,0.746971,0.248593
Qwen1.5-14B-Chat,summarization,0.05,128,512,0.25,10240,10240,1200,3,0.999306,0.997276,0.844594,0.152682
Qwen1.5-14B-Chat,summarization,0.05,2,640,0.0031,10240,10240,1200,3,0.982699,0.978145,0.039575,0.938569
Qwen1.5-14B-Chat,summarization,0.05,4,640,0.0063,10240,10240,1200,3,0.989837,0.797948,0.062114,0.735833
Qwen1.5-14B-Chat,summarization,0.05,8,640,0.0125,10240,10240,1200,3,0.993422,0.955528,0.128222,0.827306
Qwen1.5-14B-Chat,summarization,0.05,16,640,0.025,10240,10240,1200,3,0.995213,0.97725,0.231658,0.745592
Qwen1.5-14B-Chat,summarization,0.05,24,640,0.0375,10240,10240,1200,3,0.996069,0.98396,0.311603,0.672357
Qwen1.5-14B-Chat,summarization,0.05,32,640,0.05,10240,10240,1200,3,0.996927,0.98638,0.371226,0.615154
Qwen1.5-14B-Chat,summarization,0.05,48,640,0.075,10240,10240,1200,3,0.997629,0.989315,0.470508,0.518807
Qwen1.5-14B-Chat,summarization,0.05,64,640,0.1,10240,10240,1200,3,0.998141,0.991854,0.555208,0.436647
Qwen1.5-14B-Chat,summarization,0.05,96,640,0.15,10240,10240,1200,3,0.998715,0.994752,0.679609,0.315143
Qwen1.5-14B-Chat,summarization,0.05,128,640,0.2,10240,10240,1200,3,0.999071,0.996317,0.775827,0.220489
Qwen1.5-14B-Chat,persona,0.05,2,64,0.0312,10240,10240,1200,3,0.964851,0.808194,0.119602,0.688593
Qwen1.5-14B-Chat,persona,0.05,4,64,0.0625,10240,10240,1200,3,0.990341,0.76973,0.211253,0.558478
Qwen1.5-14B-Chat,persona,0.05,8,64,0.125,10240,10240,1200,3,0.99659,0.983038,0.423409,0.559628
Qwen1.5-14B-Chat,persona,0.05,16,64,0.25,10240,10240,1200,3,0.998828,0.994667,0.725271,0.269396
Qwen1.5-14B-Chat,persona,0.05,24,64,0.375,10240,10240,1200,3,0.999687,0.998705,0.909833,0.088872
Qwen1.5-14B-Chat,persona,0.05,32,64,0.5,10240,10240,1200,3,1.0,0.999945,0.994556,0.005389
Qwen1.5-14B-Chat,persona,0.05,48,64,0.75,10240,10240,1200,3,1.0,1.0,1.0,0.0
Qwen1.5-14B-Chat,persona,0.05,64,64,1.0,10240,10240,1200,3,1.0,1.0,1.0,0.0
Qwen1.5-14B-Chat,persona,0.05,96,64,1.5,10240,10240,1200,3,1.0,1.0,1.0,0.0
Qwen1.5-14B-Chat,persona,0.05,128,64,2.0,10240,10240,1200,3,1.0,1.0,1.0,0.0
Qwen1.5-14B-Chat,persona,0.05,2,128,0.0156,10240,10240,1200,3,0.976916,0.767039,0.094257,0.672782
Qwen1.5-14B-Chat,persona,0.05,4,128,0.0312,10240,10240,1200,3,0.991255,0.77928,0.13508,0.644201
Qwen1.5-14B-Chat,persona,0.05,8,128,0.0625,10240,10240,1200,3,0.996276,0.98475,0.295577,0.689173
Qwen1.5-14B-Chat,persona,0.05,16,128,0.125,10240,10240,1200,3,0.997928,0.993425,0.52277,0.470655
Qwen1.5-14B-Chat,persona,0.05,24,128,0.1875,10240,10240,1200,3,0.998788,0.995984,0.679711,0.316273
Qwen1.5-14B-Chat,persona,0.05,32,128,0.25,10240,10240,1200,3,0.999113,0.997568,0.798823,0.198745
Qwen1.5-14B-Chat,persona,0.05,48,128,0.375,10240,10240,1200,3,0.999755,0.999337,0.941045,0.058292
Qwen1.5-14B-Chat,persona,0.05,64,128,0.5,10240,10240,1200,3,1.0,0.999992,0.998748,0.001245
Qwen1.5-14B-Chat,persona,0.05,96,128,0.75,10240,10240,1200,3,1.0,1.0,1.0,0.0
Qwen1.5-14B-Chat,persona,0.05,128,128,1.0,10240,10240,1200,3,1.0,1.0,1.0,0.0
Qwen1.5-14B-Chat,persona,0.05,2,256,0.0078,10240,10240,1200,3,0.975786,0.781347,0.079457,0.70189
Qwen1.5-14B-Chat,persona,0.05,4,256,0.0156,10240,10240,1200,3,0.988262,0.805566,0.107474,0.698092
Qwen1.5-14B-Chat,persona,0.05,8,256,0.0312,10240,10240,1200,3,0.996554,0.981455,0.206995,0.77446
Qwen1.5-14B-Chat,persona,0.05,16,256,0.0625,10240,10240,1200,3,0.997543,0.992788,0.367876,0.624912
Qwen1.5-14B-Chat,persona,0.05,24,256,0.0938,10240,10240,1200,3,0.998344,0.994918,0.490124,0.504794
Qwen1.5-14B-Chat,persona,0.05,32,256,0.125,10240,10240,1200,3,0.998789,0.996222,0.582042,0.41418
Qwen1.5-14B-Chat,persona,0.05,48,256,0.1875,10240,10240,1200,3,0.999164,0.99757,0.723757,0.273813
Qwen1.5-14B-Chat,persona,0.05,64,256,0.25,10240,10240,1200,3,0.999511,0.998507,0.826291,0.172217
Qwen1.5-14B-Chat,persona,0.05,96,256,0.375,10240,10240,1200,3,0.999836,0.999602,0.956675,0.042927
Qwen1.5-14B-Chat,persona,0.05,128,256,0.5,10240,10240,1200,3,1.0,0.999999,0.999734,0.000265
Qwen1.5-14B-Chat,persona,0.05,2,384,0.0052,10240,10240,1200,3,0.979535,0.822488,0.052047,0.770441
Qwen1.5-14B-Chat,persona,0.05,4,384,0.0104,10240,10240,1200,3,0.991107,0.787823,0.08093,0.706893
Qwen1.5-14B-Chat,persona,0.05,8,384,0.0208,10240,10240,1200,3,0.996337,0.983723,0.168366,0.815357
Qwen1.5-14B-Chat,persona,0.05,16,384,0.0417,10240,10240,1200,3,0.997718,0.992544,0.30179,0.690754
Qwen1.5-14B-Chat,persona,0.05,24,384,0.0625,10240,10240,1200,3,0.998149,0.994706,0.399909,0.594797
Qwen1.5-14B-Chat,persona,0.05,32,384,0.0833,10240,10240,1200,3,0.998579,0.995839,0.480197,0.515642
Qwen1.5-14B-Chat,persona,0.05,48,384,0.125,10240,10240,1200,3,0.999027,0.997127,0.601283,0.395844
Qwen1.5-14B-Chat,persona,0.05,64,384,0.1667,10240,10240,1200,3,0.999264,0.997895,0.69813,0.299764
Qwen1.5-14B-Chat,persona,0.05,96,384,0.25,10240,10240,1200,3,0.999618,0.998877,0.837189,0.161688
Qwen1.5-14B-Chat,persona,0.05,128,384,0.3333,10240,10240,1200,3,0.999797,0.999462,0.928624,0.070839
Qwen1.5-14B-Chat,persona,0.05,2,512,0.0039,10240,10240,1200,3,0.986166,0.837379,0.054624,0.782756
Qwen1.5-14B-Chat,persona,0.05,4,512,0.0078,10240,10240,1200,3,0.992019,0.807382,0.07685,0.730532
Qwen1.5-14B-Chat,persona,0.05,8,512,0.0156,10240,10240,1200,3,0.996561,0.985904,0.152579,0.833325
Qwen1.5-14B-Chat,persona,0.05,16,512,0.0312,10240,10240,1200,3,0.997892,0.992815,0.267421,0.725393
Qwen1.5-14B-Chat,persona,0.05,24,512,0.0469,10240,10240,1200,3,0.998355,0.99466,0.348883,0.645777
Qwen1.5-14B-Chat,persona,0.05,32,512,0.0625,10240,10240,1200,3,0.998559,0.995635,0.416537,0.579098
Qwen1.5-14B-Chat,persona,0.05,48,512,0.0938,10240,10240,1200,3,0.998952,0.996982,0.523505,0.473477
Qwen1.5-14B-Chat,persona,0.05,64,512,0.125,10240,10240,1200,3,0.999179,0.997661,0.610868,0.386793
Qwen1.5-14B-Chat,persona,0.05,96,512,0.1875,10240,10240,1200,3,0.999506,0.998556,0.748232,0.250324
Qwen1.5-14B-Chat,persona,0.05,128,512,0.25,10240,10240,1200,3,0.99968,0.99908,0.845385,0.153695
Qwen1.5-14B-Chat,persona,0.05,2,640,0.0031,10240,10240,1200,3,0.979464,0.814053,0.040996,0.773057
Qwen1.5-14B-Chat,persona,0.05,4,640,0.0063,10240,10240,1200,3,0.989755,0.823692,0.060709,0.762983
Qwen1.5-14B-Chat,persona,0.05,8,640,0.0125,10240,10240,1200,3,0.996406,0.985226,0.127099,0.858128
Qwen1.5-14B-Chat,persona,0.05,16,640,0.025,10240,10240,1200,3,0.997656,0.99289,0.231884,0.761005
Qwen1.5-14B-Chat,persona,0.05,24,640,0.0375,10240,10240,1200,3,0.998212,0.994543,0.3121,0.682442
Qwen1.5-14B-Chat,persona,0.05,32,640,0.05,10240,10240,1200,3,0.998545,0.995507,0.375222,0.620286
Qwen1.5-14B-Chat,persona,0.05,48,640,0.075,10240,10240,1200,3,0.998782,0.99671,0.470218,0.526492
Qwen1.5-14B-Chat,persona,0.05,64,640,0.1,10240,10240,1200,3,0.999069,0.997398,0.550191,0.447207
Qwen1.5-14B-Chat,persona,0.05,96,640,0.15,10240,10240,1200,3,0.999375,0.998254,0.680132,0.318122
Qwen1.5-14B-Chat,persona,0.05,128,640,0.2,10240,10240,1200,3,0.999563,0.998769,0.777271,0.221498
Qwen1.5-14B-Chat,bias,0.05,2,64,0.0312,10240,10240,1200,3,0.995521,0.963873,0.132017,0.831855
Qwen1.5-14B-Chat,bias,0.05,4,64,0.0625,10240,10240,1200,3,0.996312,0.804011,0.209922,0.594089
Qwen1.5-14B-Chat,bias,0.05,8,64,0.125,10240,10240,1200,3,0.997968,0.982799,0.430708,0.552091
Qwen1.5-14B-Chat,bias,0.05,16,64,0.25,10240,10240,1200,3,0.999141,0.996266,0.742712,0.253554
Qwen1.5-14B-Chat,bias,0.05,24,64,0.375,10240,10240,1200,3,0.999732,0.998828,0.910497,0.088331
Qwen1.5-14B-Chat,bias,0.05,32,64,0.5,10240,10240,1200,3,1.0,0.999972,0.99458,0.005392
Qwen1.5-14B-Chat,bias,0.05,48,64,0.75,10240,10240,1200,3,1.0,1.0,1.0,0.0
Qwen1.5-14B-Chat,bias,0.05,64,64,1.0,10240,10240,1200,3,1.0,1.0,1.0,0.0
Qwen1.5-14B-Chat,bias,0.05,96,64,1.5,10240,10240,1200,3,1.0,1.0,1.0,0.0
Qwen1.5-14B-Chat,bias,0.05,128,64,2.0,10240,10240,1200,3,1.0,1.0,1.0,0.0
Qwen1.5-14B-Chat,bias,0.05,2,128,0.0156,10240,10240,1200,3,0.99007,0.9626,0.093762,0.868838
Qwen1.5-14B-Chat,bias,0.05,4,128,0.0312,10240,10240,1200,3,0.996464,0.788288,0.15196,0.636328
Qwen1.5-14B-Chat,bias,0.05,8,128,0.0625,10240,10240,1200,3,0.997772,0.988453,0.295168,0.693285
Qwen1.5-14B-Chat,bias,0.05,16,128,0.125,10240,10240,1200,3,0.998683,0.995593,0.52519,0.470403
Qwen1.5-14B-Chat,bias,0.05,24,128,0.1875,10240,10240,1200,3,0.999001,0.997192,0.685246,0.311945
Qwen1.5-14B-Chat,bias,0.05,32,128,0.25,10240,10240,1200,3,0.999416,0.998244,0.800358,0.197885
Qwen1.5-14B-Chat,bias,0.05,48,128,0.375,10240,10240,1200,3,0.999826,0.999561,0.950782,0.048779
Qwen1.5-14B-Chat,bias,0.05,64,128,0.5,10240,10240,1200,3,1.0,0.999996,0.999207,0.000789
Qwen1.5-14B-Chat,bias,0.05,96,128,0.75,10240,10240,1200,3,1.0,1.0,1.0,0.0
Qwen1.5-14B-Chat,bias,0.05,128,128,1.0,10240,10240,1200,3,1.0,1.0,1.0,0.0
Qwen1.5-14B-Chat,bias,0.05,2,256,0.0078,10240,10240,1200,3,0.982444,0.908261,0.077455,0.830806
Qwen1.5-14B-Chat,bias,0.05,4,256,0.0156,10240,10240,1200,3,0.996148,0.799026,0.110246,0.688781
Qwen1.5-14B-Chat,bias,0.05,8,256,0.0312,10240,10240,1200,3,0.99765,0.990248,0.219244,0.771004
Qwen1.5-14B-Chat,bias,0.05,16,256,0.0625,10240,10240,1200,3,0.99833,0.994465,0.378032,0.616433
Qwen1.5-14B-Chat,bias,0.05,24,256,0.0938,10240,10240,1200,3,0.998633,0.996134,0.49639,0.499743
Qwen1.5-14B-Chat,bias,0.05,32,256,0.125,10240,10240,1200,3,0.99888,0.996892,0.585157,0.411735
Qwen1.5-14B-Chat,bias,0.05,48,256,0.1875,10240,10240,1200,3,0.999229,0.998037,0.725961,0.272077
Qwen1.5-14B-Chat,bias,0.05,64,256,0.25,10240,10240,1200,3,0.999524,0.998753,0.831612,0.167141
Qwen1.5-14B-Chat,bias,0.05,96,256,0.375,10240,10240,1200,3,0.999837,0.999633,0.958249,0.041384
Qwen1.5-14B-Chat,bias,0.05,128,256,0.5,10240,10240,1200,3,1.0,0.999999,0.999803,0.000196
Qwen1.5-14B-Chat,bias,0.05,2,384,0.0052,10240,10240,1200,3,0.988535,0.964971,0.060232,0.90474
Qwen1.5-14B-Chat,bias,0.05,4,384,0.0104,10240,10240,1200,3,0.995924,0.767397,0.086484,0.680913
Qwen1.5-14B-Chat,bias,0.05,8,384,0.0208,10240,10240,1200,3,0.997524,0.990475,0.173303,0.817172
Qwen1.5-14B-Chat,bias,0.05,16,384,0.0417,10240,10240,1200,3,0.998075,0.994898,0.307191,0.687707
Qwen1.5-14B-Chat,bias,0.05,24,384,0.0625,10240,10240,1200,3,0.998322,0.996079,0.401972,0.594107
Qwen1.5-14B-Chat,bias,0.05,32,384,0.0833,10240,10240,1200,3,0.998691,0.996788,0.480905,0.515882
Qwen1.5-14B-Chat,bias,0.05,48,384,0.125,10240,10240,1200,3,0.999039,0.997692,0.603978,0.393714
Qwen1.5-14B-Chat,bias,0.05,64,384,0.1667,10240,10240,1200,3,0.999262,0.998256,0.700738,0.297518
Qwen1.5-14B-Chat,bias,0.05,96,384,0.25,10240,10240,1200,3,0.999599,0.999049,0.843523,0.155526
Qwen1.5-14B-Chat,bias,0.05,128,384,0.3333,10240,10240,1200,3,0.999802,0.999569,0.933953,0.065617
Qwen1.5-14B-Chat,bias,0.05,2,512,0.0039,10240,10240,1200,3,0.994977,0.971525,0.057312,0.914213
Qwen1.5-14B-Chat,bias,0.05,4,512,0.0078,10240,10240,1200,3,0.996986,0.755497,0.077015,0.678482
Qwen1.5-14B-Chat,bias,0.05,8,512,0.0156,10240,10240,1200,3,0.997893,0.990651,0.148229,0.842423
Qwen1.5-14B-Chat,bias,0.05,16,512,0.0312,10240,10240,1200,3,0.998235,0.995188,0.263151,0.732036
Qwen1.5-14B-Chat,bias,0.05,24,512,0.0469,10240,10240,1200,3,0.998472,0.996237,0.349263,0.646973
Qwen1.5-14B-Chat,bias,0.05,32,512,0.0625,10240,10240,1200,3,0.998705,0.996804,0.419381,0.577423
Qwen1.5-14B-Chat,bias,0.05,48,512,0.0938,10240,10240,1200,3,0.999028,0.997514,0.524871,0.472643
Qwen1.5-14B-Chat,bias,0.05,64,512,0.125,10240,10240,1200,3,0.999255,0.998093,0.615033,0.38306
Qwen1.5-14B-Chat,bias,0.05,96,512,0.1875,10240,10240,1200,3,0.999507,0.998849,0.751062,0.247787
Qwen1.5-14B-Chat,bias,0.05,128,512,0.25,10240,10240,1200,3,0.999684,0.999254,0.851181,0.148073
Qwen1.5-14B-Chat,bias,0.05,2,640,0.0031,10240,10240,1200,3,0.99604,0.96524,0.045029,0.920211
Qwen1.5-14B-Chat,bias,0.05,4,640,0.0063,10240,10240,1200,3,0.996501,0.741657,0.060206,0.681451
Qwen1.5-14B-Chat,bias,0.05,8,640,0.0125,10240,10240,1200,3,0.997742,0.98978,0.126765,0.863015
Qwen1.5-14B-Chat,bias,0.05,16,640,0.025,10240,10240,1200,3,0.998059,0.994639,0.230477,0.764162
Qwen1.5-14B-Chat,bias,0.05,24,640,0.0375,10240,10240,1200,3,0.99834,0.995922,0.315086,0.680837
Qwen1.5-14B-Chat,bias,0.05,32,640,0.05,10240,10240,1200,3,0.998563,0.996461,0.373365,0.623096
Qwen1.5-14B-Chat,bias,0.05,48,640,0.075,10240,10240,1200,3,0.998832,0.997267,0.474688,0.522579
Qwen1.5-14B-Chat,bias,0.05,64,640,0.1,10240,10240,1200,3,0.999051,0.997856,0.555824,0.442032
Qwen1.5-14B-Chat,bias,0.05,96,640,0.15,10240,10240,1200,3,0.999362,0.998566,0.681894,0.316671
Qwen1.5-14B-Chat,bias,0.05,128,640,0.2,10240,10240,1200,3,0.999562,0.998983,0.780478,0.218505
Qwen1.5-14B-Chat,factual recall,0.05,2,64,0.0312,10240,10240,1196,3,0.623335,0.355563,0.12767,0.227893
Qwen1.5-14B-Chat,factual recall,0.05,4,64,0.0625,10240,10240,1196,3,0.98596,0.657733,0.201262,0.456472
Qwen1.5-14B-Chat,factual recall,0.05,8,64,0.125,10240,10240,1196,3,0.99507,0.959713,0.417425,0.542288
Qwen1.5-14B-Chat,factual recall,0.05,16,64,0.25,10240,10240,1196,3,0.997575,0.990963,0.723807,0.267157
Qwen1.5-14B-Chat,factual recall,0.05,24,64,0.375,10240,10240,1196,3,0.999376,0.997435,0.905771,0.091664
Qwen1.5-14B-Chat,factual recall,0.05,32,64,0.5,10240,10240,1196,3,1.0,0.999835,0.994408,0.005427
Qwen1.5-14B-Chat,factual recall,0.05,48,64,0.75,10240,10240,1196,3,1.0,1.0,1.0,0.0
Qwen1.5-14B-Chat,factual recall,0.05,64,64,1.0,10240,10240,1196,3,1.0,1.0,1.0,0.0
Qwen1.5-14B-Chat,factual recall,0.05,96,64,1.5,10240,10240,1196,3,1.0,1.0,1.0,0.0
Qwen1.5-14B-Chat,factual recall,0.05,128,64,2.0,10240,10240,1196,3,1.0,1.0,1.0,0.0
Qwen1.5-14B-Chat,factual recall,0.05,2,128,0.0156,10240,10240,1196,3,0.647725,0.392039,0.113726,0.278314
Qwen1.5-14B-Chat,factual recall,0.05,4,128,0.0312,10240,10240,1196,3,0.982488,0.659419,0.157917,0.501502
Qwen1.5-14B-Chat,factual recall,0.05,8,128,0.0625,10240,10240,1196,3,0.993748,0.968517,0.288739,0.679778
Qwen1.5-14B-Chat,factual recall,0.05,16,128,0.125,10240,10240,1196,3,0.997758,0.988162,0.526278,0.461884
Qwen1.5-14B-Chat,factual recall,0.05,24,128,0.1875,10240,10240,1196,3,0.998864,0.99336,0.680079,0.313281
Qwen1.5-14B-Chat,factual recall,0.05,32,128,0.25,10240,10240,1196,3,0.99925,0.99591,0.791404,0.204505
Qwen1.5-14B-Chat,factual recall,0.05,48,128,0.375,10240,10240,1196,3,0.999734,0.998844,0.94156,0.057284
Qwen1.5-14B-Chat,factual recall,0.05,64,128,0.5,10240,10240,1196,3,1.0,0.999958,0.99857,0.001388
Qwen1.5-14B-Chat,factual recall,0.05,96,128,0.75,10240,10240,1196,3,1.0,1.0,1.0,0.0
Qwen1.5-14B-Chat,factual recall,0.05,128,128,1.0,10240,10240,1196,3,1.0,1.0,1.0,0.0
Qwen1.5-14B-Chat,factual recall,0.05,2,256,0.0078,10240,10240,1196,3,0.634836,0.367224,0.074014,0.29321
Qwen1.5-14B-Chat,factual recall,0.05,4,256,0.0156,10240,10240,1196,3,0.98408,0.710641,0.099237,0.611404
Qwen1.5-14B-Chat,factual recall,0.05,8,256,0.0312,10240,10240,1196,3,0.99094,0.961103,0.20436,0.756743
Qwen1.5-14B-Chat,factual recall,0.05,16,256,0.0625,10240,10240,1196,3,0.994959,0.985799,0.372111,0.613688
Qwen1.5-14B-Chat,factual recall,0.05,24,256,0.0938,10240,10240,1196,3,0.996518,0.989689,0.48368,0.506009
Qwen1.5-14B-Chat,factual recall,0.05,32,256,0.125,10240,10240,1196,3,0.997163,0.99254,0.578073,0.414466
Qwen1.5-14B-Chat,factual recall,0.05,48,256,0.1875,10240,10240,1196,3,0.998601,0.995455,0.721139,0.274317
Qwen1.5-14B-Chat,factual recall,0.05,64,256,0.25,10240,10240,1196,3,0.999077,0.997224,0.82532,0.171904
Qwen1.5-14B-Chat,factual recall,0.05,96,256,0.375,10240,10240,1196,3,0.999717,0.999128,0.953707,0.045421
Qwen1.5-14B-Chat,factual recall,0.05,128,256,0.5,10240,10240,1196,3,1.0,0.999994,0.999613,0.000381
Qwen1.5-14B-Chat,factual recall,0.05,2,384,0.0052,10240,10240,1196,3,0.637016,0.375657,0.055756,0.319901
Qwen1.5-14B-Chat,factual recall,0.05,4,384,0.0104,10240,10240,1196,3,0.981999,0.691415,0.088051,0.603365
Qwen1.5-14B-Chat,factual recall,0.05,8,384,0.0208,10240,10240,1196,3,0.99066,0.956263,0.170804,0.785459
Qwen1.5-14B-Chat,factual recall,0.05,16,384,0.0417,10240,10240,1196,3,0.995134,0.984901,0.307111,0.677791
Qwen1.5-14B-Chat,factual recall,0.05,24,384,0.0625,10240,10240,1196,3,0.996257,0.989351,0.404612,0.58474
Qwen1.5-14B-Chat,factual recall,0.05,32,384,0.0833,10240,10240,1196,3,0.99711,0.9914,0.480754,0.510646
Qwen1.5-14B-Chat,factual recall,0.05,48,384,0.125,10240,10240,1196,3,0.998025,0.994255,0.603499,0.390756
Qwen1.5-14B-Chat,factual recall,0.05,64,384,0.1667,10240,10240,1196,3,0.998616,0.995732,0.696325,0.299407
Qwen1.5-14B-Chat,factual recall,0.05,96,384,0.25,10240,10240,1196,3,0.999281,0.997602,0.833926,0.163676
Qwen1.5-14B-Chat,factual recall,0.05,128,384,0.3333,10240,10240,1196,3,0.999609,0.998829,0.927133,0.071696
Qwen1.5-14B-Chat,factual recall,0.05,2,512,0.0039,10240,10240,1196,3,0.631859,0.338779,0.051365,0.287415
Qwen1.5-14B-Chat,factual recall,0.05,4,512,0.0078,10240,10240,1196,3,0.984792,0.660019,0.073462,0.586558
Qwen1.5-14B-Chat,factual recall,0.05,8,512,0.0156,10240,10240,1196,3,0.994795,0.970702,0.143607,0.827095
Qwen1.5-14B-Chat,factual recall,0.05,16,512,0.0312,10240,10240,1196,3,0.997583,0.986529,0.268213,0.718316
Qwen1.5-14B-Chat,factual recall,0.05,24,512,0.0469,10240,10240,1196,3,0.998227,0.990007,0.349411,0.640596
Qwen1.5-14B-Chat,factual recall,0.05,32,512,0.0625,10240,10240,1196,3,0.998587,0.991905,0.417941,0.573964
Qwen1.5-14B-Chat,factual recall,0.05,48,512,0.0938,10240,10240,1196,3,0.999063,0.994163,0.529813,0.46435
Qwen1.5-14B-Chat,factual recall,0.05,64,512,0.125,10240,10240,1196,3,0.999317,0.995423,0.613551,0.381873
Qwen1.5-14B-Chat,factual recall,0.05,96,512,0.1875,10240,10240,1196,3,0.999612,0.997055,0.744312,0.252743
Qwen1.5-14B-Chat,factual recall,0.05,128,512,0.25,10240,10240,1196,3,0.999769,0.998092,0.840147,0.157946
Qwen1.5-14B-Chat,factual recall,0.05,2,640,0.0031,10240,10240,1196,3,0.596241,0.317501,0.044118,0.273382
Qwen1.5-14B-Chat,factual recall,0.05,4,640,0.0063,10240,10240,1196,3,0.983085,0.659719,0.069416,0.590304
Qwen1.5-14B-Chat,factual recall,0.05,8,640,0.0125,10240,10240,1196,3,0.992343,0.964452,0.128846,0.835606
Qwen1.5-14B-Chat,factual recall,0.05,16,640,0.025,10240,10240,1196,3,0.997487,0.986956,0.234805,0.752151
Qwen1.5-14B-Chat,factual recall,0.05,24,640,0.0375,10240,10240,1196,3,0.998105,0.989808,0.312202,0.677606
Qwen1.5-14B-Chat,factual recall,0.05,32,640,0.05,10240,10240,1196,3,0.998814,0.991813,0.377836,0.613977
Qwen1.5-14B-Chat,factual recall,0.05,48,640,0.075,10240,10240,1196,3,0.999136,0.99396,0.476573,0.517387
Qwen1.5-14B-Chat,factual recall,0.05,64,640,0.1,10240,10240,1196,3,0.999359,0.995335,0.55306,0.442275
Qwen1.5-14B-Chat,factual recall,0.05,96,640,0.15,10240,10240,1196,3,0.999581,0.996865,0.675087,0.321778
Qwen1.5-14B-Chat,factual recall,0.05,128,640,0.2,10240,10240,1196,3,0.999724,0.997677,0.771931,0.225745
Falcon3-10B-Instruct,verse,0.05,2,64,0.0312,6144,6144,1200,3,0.934625,0.70339,0.160701,0.542689
Falcon3-10B-Instruct,verse,0.05,4,64,0.0625,6144,6144,1200,3,0.983502,0.761159,0.20576,0.555399
Falcon3-10B-Instruct,verse,0.05,8,64,0.125,6144,6144,1200,3,0.995225,0.934118,0.426958,0.50716
Falcon3-10B-Instruct,verse,0.05,16,64,0.25,6144,6144,1200,3,0.998711,0.984203,0.7417,0.242503
Falcon3-10B-Instruct,verse,0.05,24,64,0.375,6144,6144,1200,3,0.999699,0.996546,0.914251,0.082295
Falcon3-10B-Instruct,verse,0.05,32,64,0.5,6144,6144,1200,3,1.0,0.99991,0.994242,0.005668
Falcon3-10B-Instruct,verse,0.05,48,64,0.75,6144,6144,1200,3,1.0,1.0,1.0,0.0
Falcon3-10B-Instruct,verse,0.05,64,64,1.0,6144,6144,1200,3,1.0,1.0,1.0,0.0
Falcon3-10B-Instruct,verse,0.05,96,64,1.5,6144,6144,1200,3,1.0,1.0,1.0,0.0
Falcon3-10B-Instruct,verse,0.05,128,64,2.0,6144,6144,1200,3,1.0,1.0,1.0,0.0
Falcon3-10B-Instruct,verse,0.05,2,128,0.0156,6144,6144,1200,3,0.947872,0.586203,0.0866,0.499603
Falcon3-10B-Instruct,verse,0.05,4,128,0.0312,6144,6144,1200,3,0.987855,0.75747,0.136964,0.620506
Falcon3-10B-Instruct,verse,0.05,8,128,0.0625,6144,6144,1200,3,0.995624,0.93948,0.282933,0.656548
Falcon3-10B-Instruct,verse,0.05,16,128,0.125,6144,6144,1200,3,0.998719,0.978549,0.517437,0.461112
Falcon3-10B-Instruct,verse,0.05,24,128,0.1875,6144,6144,1200,3,0.999308,0.987935,0.676519,0.311416
Falcon3-10B-Instruct,verse,0.05,32,128,0.25,6144,6144,1200,3,0.999591,0.992874,0.795009,0.197865
Falcon3-10B-Instruct,verse,0.05,48,128,0.375,6144,6144,1200,3,0.999889,0.998156,0.94026,0.057897
Falcon3-10B-Instruct,verse,0.05,64,128,0.5,6144,6144,1200,3,1.0,0.99999,0.998741,0.001249
Falcon3-10B-Instruct,verse,0.05,96,128,0.75,6144,6144,1200,3,1.0,1.0,1.0,0.0
Falcon3-10B-Instruct,verse,0.05,128,128,1.0,6144,6144,1200,3,1.0,1.0,1.0,0.0
Falcon3-10B-Instruct,verse,0.05,2,256,0.0078,6144,6144,1200,3,0.95192,0.671148,0.084245,0.586904
Falcon3-10B-Instruct,verse,0.05,4,256,0.0156,6144,6144,1200,3,0.990526,0.805685,0.108352,0.697333
Falcon3-10B-Instruct,verse,0.05,8,256,0.0312,6144,6144,1200,3,0.997705,0.926143,0.209552,0.71659
Falcon3-10B-Instruct,verse,0.05,16,256,0.0625,6144,6144,1200,3,0.998958,0.972546,0.375624,0.596922
Falcon3-10B-Instruct,verse,0.05,24,256,0.0938,6144,6144,1200,3,0.999312,0.983202,0.495821,0.48738
Falcon3-10B-Instruct,verse,0.05,32,256,0.125,6144,6144,1200,3,0.999555,0.988032,0.585004,0.403028
Falcon3-10B-Instruct,verse,0.05,48,256,0.1875,6144,6144,1200,3,0.999768,0.993087,0.724077,0.26901
Falcon3-10B-Instruct,verse,0.05,64,256,0.25,6144,6144,1200,3,0.999871,0.996084,0.827663,0.168421
Falcon3-10B-Instruct,verse,0.05,96,256,0.375,6144,6144,1200,3,0.999967,0.999015,0.957028,0.041986
Falcon3-10B-Instruct,verse,0.05,128,256,0.5,6144,6144,1200,3,1.0,0.999998,0.999747,0.000251
Falcon3-10B-Instruct,verse,0.05,2,384,0.0052,6144,6144,1200,3,0.957445,0.763784,0.063946,0.699838
Falcon3-10B-Instruct,verse,0.05,4,384,0.0104,6144,6144,1200,3,0.991078,0.823215,0.087453,0.735762
Falcon3-10B-Instruct,verse,0.05,8,384,0.0208,6144,6144,1200,3,0.997983,0.925004,0.174407,0.750597
Falcon3-10B-Instruct,verse,0.05,16,384,0.0417,6144,6144,1200,3,0.999075,0.973313,0.307556,0.665757
Falcon3-10B-Instruct,verse,0.05,24,384,0.0625,6144,6144,1200,3,0.999501,0.982278,0.404059,0.578219
Falcon3-10B-Instruct,verse,0.05,32,384,0.0833,6144,6144,1200,3,0.9997,0.986654,0.479848,0.506807
Falcon3-10B-Instruct,verse,0.05,48,384,0.125,6144,6144,1200,3,0.999834,0.991559,0.603097,0.388462
Falcon3-10B-Instruct,verse,0.05,64,384,0.1667,6144,6144,1200,3,0.999897,0.994334,0.697256,0.297078
Falcon3-10B-Instruct,verse,0.05,96,384,0.25,6144,6144,1200,3,0.999957,0.997188,0.837713,0.159475
Falcon3-10B-Instruct,verse,0.05,128,384,0.3333,6144,6144,1200,3,0.999978,0.998777,0.928615,0.070163
Falcon3-10B-Instruct,verse,0.05,2,512,0.0039,6144,6144,1200,3,0.941147,0.660366,0.046416,0.61395
Falcon3-10B-Instruct,verse,0.05,4,512,0.0078,6144,6144,1200,3,0.990683,0.822982,0.073485,0.749497
Falcon3-10B-Instruct,verse,0.05,8,512,0.0156,6144,6144,1200,3,0.997573,0.928186,0.145576,0.78261
Falcon3-10B-Instruct,verse,0.05,16,512,0.0312,6144,6144,1200,3,0.999159,0.975155,0.263523,0.711631
Falcon3-10B-Instruct,verse,0.05,24,512,0.0469,6144,6144,1200,3,0.999509,0.982838,0.34779,0.635048
Falcon3-10B-Instruct,verse,0.05,32,512,0.0625,6144,6144,1200,3,0.999662,0.986759,0.415057,0.571702
Falcon3-10B-Instruct,verse,0.05,48,512,0.0938,6144,6144,1200,3,0.999829,0.99086,0.526003,0.464857
Falcon3-10B-Instruct,verse,0.05,64,512,0.125,6144,6144,1200,3,0.999895,0.993488,0.615537,0.377951
Falcon3-10B-Instruct,verse,0.05,96,512,0.1875,6144,6144,1200,3,0.999945,0.996139,0.747499,0.24864
Falcon3-10B-Instruct,verse,0.05,128,512,0.25,6144,6144,1200,3,0.999968,0.997626,0.843038,0.154588
Falcon3-10B-Instruct,verse,0.05,2,640,0.0031,6144,6144,1200,3,0.946725,0.653316,0.044943,0.608373
Falcon3-10B-Instruct,verse,0.05,4,640,0.0063,6144,6144,1200,3,0.99087,0.80655,0.058684,0.747865
Falcon3-10B-Instruct,verse,0.05,8,640,0.0125,6144,6144,1200,3,0.997984,0.924537,0.12623,0.798308
Falcon3-10B-Instruct,verse,0.05,16,640,0.025,6144,6144,1200,3,0.999262,0.972066,0.231245,0.740821
Falcon3-10B-Instruct,verse,0.05,24,640,0.0375,6144,6144,1200,3,0.999561,0.981848,0.307329,0.674519
Falcon3-10B-Instruct,verse,0.05,32,640,0.05,6144,6144,1200,3,0.999699,0.986181,0.374103,0.612078
Falcon3-10B-Instruct,verse,0.05,48,640,0.075,6144,6144,1200,3,0.999824,0.990598,0.474457,0.516141
Falcon3-10B-Instruct,verse,0.05,64,640,0.1,6144,6144,1200,3,0.999888,0.993063,0.553415,0.439648
Falcon3-10B-Instruct,verse,0.05,96,640,0.15,6144,6144,1200,3,0.999934,0.995453,0.677883,0.31757
Falcon3-10B-Instruct,verse,0.05,128,640,0.2,6144,6144,1200,3,0.999962,0.99697,0.773868,0.223101
Falcon3-10B-Instruct,summarization,0.05,2,64,0.0312,6144,6144,1200,3,0.376304,0.229953,0.131109,0.098845
Falcon3-10B-Instruct,summarization,0.05,4,64,0.0625,6144,6144,1200,3,0.906737,0.503571,0.202737,0.300835
Falcon3-10B-Instruct,summarization,0.05,8,64,0.125,6144,6144,1200,3,0.978389,0.816009,0.414492,0.401517
Falcon3-10B-Instruct,summarization,0.05,16,64,0.25,6144,6144,1200,3,0.993399,0.96469,0.723317,0.241374
Falcon3-10B-Instruct,summarization,0.05,24,64,0.375,6144,6144,1200,3,0.998575,0.992835,0.911143,0.081693
Falcon3-10B-Instruct,summarization,0.05,32,64,0.5,6144,6144,1200,3,1.0,0.999808,0.993743,0.006066
Falcon3-10B-Instruct,summarization,0.05,48,64,0.75,6144,6144,1200,3,1.0,1.0,1.0,0.0
Falcon3-10B-Instruct,summarization,0.05,64,64,1.0,6144,6144,1200,3,1.0,1.0,1.0,0.0
Falcon3-10B-Instruct,summarization,0.05,96,64,1.5,6144,6144,1200,3,1.0,1.0,1.0,0.0
Falcon3-10B-Instruct,summarization,0.05,128,64,2.0,6144,6144,1200,3,1.0,1.0,1.0,0.0
Falcon3-10B-Instruct,summarization,0.05,2,128,0.0156,6144,6144,1200,3,0.484685,0.30073,0.095615,0.205115
Falcon3-10B-Instruct,summarization,0.05,4,128,0.0312,6144,6144,1200,3,0.909745,0.573691,0.14453,0.42916
Falcon3-10B-Instruct,summarization,0.05,8,128,0.0625,6144,6144,1200,3,0.962085,0.806134,0.28566,0.520474
Falcon3-10B-Instruct,summarization,0.05,16,128,0.125,6144,6144,1200,3,0.984243,0.934308,0.516747,0.417561
Falcon3-10B-Instruct,summarization,0.05,24,128,0.1875,6144,6144,1200,3,0.99008,0.966823,0.67923,0.287593
Falcon3-10B-Instruct,summarization,0.05,32,128,0.25,6144,6144,1200,3,0.993126,0.982694,0.796754,0.185939
Falcon3-10B-Instruct,summarization,0.05,48,128,0.375,6144,6144,1200,3,0.998359,0.995798,0.943746,0.052052
Falcon3-10B-Instruct,summarization,0.05,64,128,0.5,6144,6144,1200,3,1.0,0.999975,0.998968,0.001007
Falcon3-10B-Instruct,summarization,0.05,96,128,0.75,6144,6144,1200,3,1.0,1.0,1.0,0.0
Falcon3-10B-Instruct,summarization,0.05,128,128,1.0,6144,6144,1200,3,1.0,1.0,1.0,0.0
Falcon3-10B-Instruct,summarization,0.05,2,256,0.0078,6144,6144,1200,3,0.505776,0.300004,0.068859,0.231145
Falcon3-10B-Instruct,summarization,0.05,4,256,0.0156,6144,6144,1200,3,0.896349,0.548429,0.106466,0.441963
Falcon3-10B-Instruct,summarization,0.05,8,256,0.0312,6144,6144,1200,3,0.962834,0.775017,0.208426,0.566591
Falcon3-10B-Instruct,summarization,0.05,16,256,0.0625,6144,6144,1200,3,0.979675,0.929208,0.371298,0.55791
Falcon3-10B-Instruct,summarization,0.05,24,256,0.0938,6144,6144,1200,3,0.985609,0.955671,0.491034,0.464637
Falcon3-10B-Instruct,summarization,0.05,32,256,0.125,6144,6144,1200,3,0.989223,0.968406,0.582089,0.386318
Falcon3-10B-Instruct,summarization,0.05,48,256,0.1875,6144,6144,1200,3,0.993061,0.982337,0.724867,0.25747
Falcon3-10B-Instruct,summarization,0.05,64,256,0.25,6144,6144,1200,3,0.995745,0.990372,0.828009,0.162363
Falcon3-10B-Instruct,summarization,0.05,96,256,0.375,6144,6144,1200,3,0.999051,0.997883,0.957458,0.040425
Falcon3-10B-Instruct,summarization,0.05,128,256,0.5,6144,6144,1200,3,1.0,0.999996,0.999727,0.000268
Falcon3-10B-Instruct,summarization,0.05,2,384,0.0052,6144,6144,1200,3,0.501753,0.326518,0.056349,0.270169
Falcon3-10B-Instruct,summarization,0.05,4,384,0.0104,6144,6144,1200,3,0.931635,0.592857,0.084851,0.508006
Falcon3-10B-Instruct,summarization,0.05,8,384,0.0208,6144,6144,1200,3,0.971903,0.786826,0.171183,0.615643
Falcon3-10B-Instruct,summarization,0.05,16,384,0.0417,6144,6144,1200,3,0.982954,0.932569,0.302967,0.629602
Falcon3-10B-Instruct,summarization,0.05,24,384,0.0625,6144,6144,1200,3,0.987831,0.954833,0.399818,0.555014
Falcon3-10B-Instruct,summarization,0.05,32,384,0.0833,6144,6144,1200,3,0.989338,0.965613,0.475878,0.489735
Falcon3-10B-Instruct,summarization,0.05,48,384,0.125,6144,6144,1200,3,0.99275,0.978146,0.596578,0.381568
Falcon3-10B-Instruct,summarization,0.05,64,384,0.1667,6144,6144,1200,3,0.994886,0.98522,0.697798,0.287422
Falcon3-10B-Instruct,summarization,0.05,96,384,0.25,6144,6144,1200,3,0.997529,0.992666,0.839536,0.15313
Falcon3-10B-Instruct,summarization,0.05,128,384,0.3333,6144,6144,1200,3,0.998785,0.996958,0.931313,0.065645
Falcon3-10B-Instruct,summarization,0.05,2,512,0.0039,6144,6144,1200,3,0.429267,0.28271,0.054445,0.228265
Falcon3-10B-Instruct,summarization,0.05,4,512,0.0078,6144,6144,1200,3,0.937075,0.60695,0.072909,0.534041
Falcon3-10B-Instruct,summarization,0.05,8,512,0.0156,6144,6144,1200,3,0.974084,0.805534,0.149212,0.656322
Falcon3-10B-Instruct,summarization,0.05,16,512,0.0312,6144,6144,1200,3,0.985239,0.92765,0.271696,0.655954
Falcon3-10B-Instruct,summarization,0.05,24,512,0.0469,6144,6144,1200,3,0.989529,0.950241,0.351759,0.598482
Falcon3-10B-Instruct,summarization,0.05,32,512,0.0625,6144,6144,1200,3,0.991024,0.962987,0.419122,0.543865
Falcon3-10B-Instruct,summarization,0.05,48,512,0.0938,6144,6144,1200,3,0.993853,0.976005,0.52811,0.447895
Falcon3-10B-Instruct,summarization,0.05,64,512,0.125,6144,6144,1200,3,0.995016,0.982066,0.614422,0.367644
Falcon3-10B-Instruct,summarization,0.05,96,512,0.1875,6144,6144,1200,3,0.997289,0.989347,0.749398,0.239949
Falcon3-10B-Instruct,summarization,0.05,128,512,0.25,6144,6144,1200,3,0.998318,0.994103,0.848546,0.145557
Falcon3-10B-Instruct,summarization,0.05,2,640,0.0031,6144,6144,1200,3,0.415738,0.276325,0.044335,0.23199
Falcon3-10B-Instruct,summarization,0.05,4,640,0.0063,6144,6144,1200,3,0.908646,0.586784,0.064766,0.522017
Falcon3-10B-Instruct,summarization,0.05,8,640,0.0125,6144,6144,1200,3,0.969411,0.778246,0.129425,0.648821
Falcon3-10B-Instruct,summarization,0.05,16,640,0.025,6144,6144,1200,3,0.981708,0.925943,0.230346,0.695597
Falcon3-10B-Instruct,summarization,0.05,24,640,0.0375,6144,6144,1200,3,0.987349,0.950468,0.310012,0.640456
Falcon3-10B-Instruct,summarization,0.05,32,640,0.05,6144,6144,1200,3,0.9893,0.962854,0.375719,0.587135
Falcon3-10B-Instruct,summarization,0.05,48,640,0.075,6144,6144,1200,3,0.992197,0.974052,0.475736,0.498317
Falcon3-10B-Instruct,summarization,0.05,64,640,0.1,6144,6144,1200,3,0.993838,0.980407,0.558277,0.42213
Falcon3-10B-Instruct,summarization,0.05,96,640,0.15,6144,6144,1200,3,0.995967,0.987367,0.68065,0.306717
Falcon3-10B-Instruct,summarization,0.05,128,640,0.2,6144,6144,1200,3,0.997436,0.992205,0.776775,0.21543
Falcon3-10B-Instruct,persona,0.05,2,64,0.0312,6144,6144,1200,3,0.960109,0.921781,0.14107,0.780711
Falcon3-10B-Instruct,persona,0.05,4,64,0.0625,6144,6144,1200,3,0.985506,0.79671,0.19878,0.59793
Falcon3-10B-Instruct,persona,0.05,8,64,0.125,6144,6144,1200,3,0.994881,0.970102,0.411567,0.558534
Falcon3-10B-Instruct,persona,0.05,16,64,0.25,6144,6144,1200,3,0.998273,0.993665,0.731141,0.262524
Falcon3-10B-Instruct,persona,0.05,24,64,0.375,6144,6144,1200,3,0.99952,0.998142,0.910238,0.087904
Falcon3-10B-Instruct,persona,0.05,32,64,0.5,6144,6144,1200,3,1.0,0.99992,0.994373,0.005547
Falcon3-10B-Instruct,persona,0.05,48,64,0.75,6144,6144,1200,3,1.0,1.0,1.0,0.0
Falcon3-10B-Instruct,persona,0.05,64,64,1.0,6144,6144,1200,3,1.0,1.0,1.0,0.0
Falcon3-10B-Instruct,persona,0.05,96,64,1.5,6144,6144,1200,3,1.0,1.0,1.0,0.0
Falcon3-10B-Instruct,persona,0.05,128,64,2.0,6144,6144,1200,3,1.0,1.0,1.0,0.0
Falcon3-10B-Instruct,persona,0.05,2,128,0.0156,6144,6144,1200,3,0.950125,0.715838,0.093317,0.622521
Falcon3-10B-Instruct,persona,0.05,4,128,0.0312,6144,6144,1200,3,0.986117,0.856276,0.147633,0.708643
Falcon3-10B-Instruct,persona,0.05,8,128,0.0625,6144,6144,1200,3,0.994166,0.978291,0.286912,0.691379
Falcon3-10B-Instruct,persona,0.05,16,128,0.125,6144,6144,1200,3,0.996388,0.991695,0.515283,0.476412
Falcon3-10B-Instruct,persona,0.05,24,128,0.1875,6144,6144,1200,3,0.997717,0.995208,0.674696,0.320512
Falcon3-10B-Instruct,persona,0.05,32,128,0.25,6144,6144,1200,3,0.998756,0.997304,0.794448,0.202855
Falcon3-10B-Instruct,persona,0.05,48,128,0.375,6144,6144,1200,3,0.999667,0.999313,0.943079,0.056234
Falcon3-10B-Instruct,persona,0.05,64,128,0.5,6144,6144,1200,3,1.0,0.99999,0.998945,0.001045
Falcon3-10B-Instruct,persona,0.05,96,128,0.75,6144,6144,1200,3,1.0,1.0,1.0,0.0
Falcon3-10B-Instruct,persona,0.05,128,128,1.0,6144,6144,1200,3,1.0,1.0,1.0,0.0
Falcon3-10B-Instruct,persona,0.05,2,256,0.0078,6144,6144,1200,3,0.961837,0.775563,0.080015,0.695548
Falcon3-10B-Instruct,persona,0.05,4,256,0.0156,6144,6144,1200,3,0.985887,0.895756,0.101331,0.794424
Falcon3-10B-Instruct,persona,0.05,8,256,0.0312,6144,6144,1200,3,0.993436,0.971432,0.20622,0.765212
Falcon3-10B-Instruct,persona,0.05,16,256,0.0625,6144,6144,1200,3,0.995985,0.989284,0.375233,0.614051
Falcon3-10B-Instruct,persona,0.05,24,256,0.0938,6144,6144,1200,3,0.997494,0.993232,0.482629,0.510603
Falcon3-10B-Instruct,persona,0.05,32,256,0.125,6144,6144,1200,3,0.998108,0.995072,0.578246,0.416826
Falcon3-10B-Instruct,persona,0.05,48,256,0.1875,6144,6144,1200,3,0.998931,0.99722,0.725169,0.272051
Falcon3-10B-Instruct,persona,0.05,64,256,0.25,6144,6144,1200,3,0.999311,0.99824,0.829922,0.168318
Falcon3-10B-Instruct,persona,0.05,96,256,0.375,6144,6144,1200,3,0.999793,0.99956,0.957912,0.041648
Falcon3-10B-Instruct,persona,0.05,128,256,0.5,6144,6144,1200,3,1.0,0.999999,0.999788,0.000211
Falcon3-10B-Instruct,persona,0.05,2,384,0.0052,6144,6144,1200,3,0.949587,0.799161,0.042414,0.756746
Falcon3-10B-Instruct,persona,0.05,4,384,0.0104,6144,6144,1200,3,0.9853,0.909837,0.08307,0.826766
Falcon3-10B-Instruct,persona,0.05,8,384,0.0208,6144,6144,1200,3,0.993593,0.976295,0.169059,0.807236
Falcon3-10B-Instruct,persona,0.05,16,384,0.0417,6144,6144,1200,3,0.995572,0.98989,0.309288,0.680602
Falcon3-10B-Instruct,persona,0.05,24,384,0.0625,6144,6144,1200,3,0.997272,0.992847,0.404419,0.588428
Falcon3-10B-Instruct,persona,0.05,32,384,0.0833,6144,6144,1200,3,0.997968,0.994657,0.484381,0.510276
Falcon3-10B-Instruct,persona,0.05,48,384,0.125,6144,6144,1200,3,0.998744,0.996494,0.605451,0.391043
Falcon3-10B-Instruct,persona,0.05,64,384,0.1667,6144,6144,1200,3,0.998994,0.99753,0.699732,0.297798
Falcon3-10B-Instruct,persona,0.05,96,384,0.25,6144,6144,1200,3,0.999396,0.998712,0.841355,0.157358
Falcon3-10B-Instruct,persona,0.05,128,384,0.3333,6144,6144,1200,3,0.999734,0.999407,0.930153,0.069254
Falcon3-10B-Instruct,persona,0.05,2,512,0.0039,6144,6144,1200,3,0.96124,0.894422,0.049957,0.844464
Falcon3-10B-Instruct,persona,0.05,4,512,0.0078,6144,6144,1200,3,0.987556,0.909736,0.071418,0.838318
Falcon3-10B-Instruct,persona,0.05,8,512,0.0156,6144,6144,1200,3,0.994054,0.97626,0.149186,0.827075
Falcon3-10B-Instruct,persona,0.05,16,512,0.0312,6144,6144,1200,3,0.995943,0.989595,0.266611,0.722983
Falcon3-10B-Instruct,persona,0.05,24,512,0.0469,6144,6144,1200,3,0.997055,0.993148,0.348988,0.64416
Falcon3-10B-Instruct,persona,0.05,32,512,0.0625,6144,6144,1200,3,0.99784,0.9947,0.419432,0.575268
Falcon3-10B-Instruct,persona,0.05,48,512,0.0938,6144,6144,1200,3,0.998478,0.996336,0.528448,0.467888
Falcon3-10B-Instruct,persona,0.05,64,512,0.125,6144,6144,1200,3,0.998847,0.997208,0.61787,0.379338
Falcon3-10B-Instruct,persona,0.05,96,512,0.1875,6144,6144,1200,3,0.999229,0.99826,0.751115,0.247146
Falcon3-10B-Instruct,persona,0.05,128,512,0.25,6144,6144,1200,3,0.999504,0.998941,0.847488,0.151453
Falcon3-10B-Instruct,persona,0.05,2,640,0.0031,6144,6144,1200,3,0.943596,0.665612,0.045741,0.619871
Falcon3-10B-Instruct,persona,0.05,4,640,0.0063,6144,6144,1200,3,0.984427,0.912543,0.061421,0.851122
Falcon3-10B-Instruct,persona,0.05,8,640,0.0125,6144,6144,1200,3,0.993241,0.97244,0.132677,0.839763
Falcon3-10B-Instruct,persona,0.05,16,640,0.025,6144,6144,1200,3,0.995384,0.989172,0.236374,0.752798
Falcon3-10B-Instruct,persona,0.05,24,640,0.0375,6144,6144,1200,3,0.996712,0.992738,0.313324,0.679414
Falcon3-10B-Instruct,persona,0.05,32,640,0.05,6144,6144,1200,3,0.997501,0.994323,0.373254,0.621069
Falcon3-10B-Instruct,persona,0.05,48,640,0.075,6144,6144,1200,3,0.998031,0.995943,0.474073,0.52187
Falcon3-10B-Instruct,persona,0.05,64,640,0.1,6144,6144,1200,3,0.998536,0.996878,0.549977,0.446901
Falcon3-10B-Instruct,persona,0.05,96,640,0.15,6144,6144,1200,3,0.998964,0.997882,0.680675,0.317207
Falcon3-10B-Instruct,persona,0.05,128,640,0.2,6144,6144,1200,3,0.999297,0.998482,0.774632,0.22385
OLMo-2-1124-13B-DPO,verse,0.05,2,64,0.0312,10240,10240,1200,3,0.936001,0.817398,0.136572,0.680826
OLMo-2-1124-13B-DPO,verse,0.05,4,64,0.0625,10240,10240,1200,3,0.98656,0.85404,0.187008,0.667032
OLMo-2-1124-13B-DPO,verse,0.05,8,64,0.125,10240,10240,1200,3,0.995954,0.985901,0.403537,0.582364
OLMo-2-1124-13B-DPO,verse,0.05,16,64,0.25,10240,10240,1200,3,0.999012,0.996468,0.728262,0.268206
OLMo-2-1124-13B-DPO,verse,0.05,24,64,0.375,10240,10240,1200,3,0.999687,0.998954,0.910131,0.088823
OLMo-2-1124-13B-DPO,verse,0.05,32,64,0.5,10240,10240,1200,3,1.0,0.999964,0.993373,0.006591
OLMo-2-1124-13B-DPO,verse,0.05,48,64,0.75,10240,10240,1200,3,1.0,1.0,1.0,0.0
OLMo-2-1124-13B-DPO,verse,0.05,64,64,1.0,10240,10240,1200,3,1.0,1.0,1.0,0.0
OLMo-2-1124-13B-DPO,verse,0.05,96,64,1.5,10240,10240,1200,3,1.0,1.0,1.0,0.0
OLMo-2-1124-13B-DPO,verse,0.05,128,64,2.0,10240,10240,1200,3,1.0,1.0,1.0,0.0
OLMo-2-1124-13B-DPO,verse,0.05,2,128,0.0156,10240,10240,1200,3,0.951904,0.556834,0.096591,0.460243
OLMo-2-1124-13B-DPO,verse,0.05,4,128,0.0312,10240,10240,1200,3,0.981791,0.745153,0.144993,0.60016
OLMo-2-1124-13B-DPO,verse,0.05,8,128,0.0625,10240,10240,1200,3,0.996299,0.981772,0.308604,0.673168
OLMo-2-1124-13B-DPO,verse,0.05,16,128,0.125,10240,10240,1200,3,0.998394,0.994581,0.525922,0.468658
OLMo-2-1124-13B-DPO,verse,0.05,24,128,0.1875,10240,10240,1200,3,0.998981,0.996958,0.68349,0.313468
OLMo-2-1124-13B-DPO,verse,0.05,32,128,0.25,10240,10240,1200,3,0.999352,0.998219,0.795165,0.203054
OLMo-2-1124-13B-DPO,verse,0.05,48,128,0.375,10240,10240,1200,3,0.999799,0.999509,0.941537,0.057972
OLMo-2-1124-13B-DPO,verse,0.05,64,128,0.5,10240,10240,1200,3,1.0,0.999994,0.998859,0.001135
OLMo-2-1124-13B-DPO,verse,0.05,96,128,0.75,10240,10240,1200,3,1.0,1.0,1.0,0.0
OLMo-2-1124-13B-DPO,verse,0.05,128,128,1.0,10240,10240,1200,3,1.0,1.0,1.0,0.0
OLMo-2-1124-13B-DPO,verse,0.05,2,256,0.0078,10240,10240,1200,3,0.927495,0.541361,0.08592,0.455441
OLMo-2-1124-13B-DPO,verse,0.05,4,256,0.0156,10240,10240,1200,3,0.980402,0.740803,0.109046,0.631758
OLMo-2-1124-13B-DPO,verse,0.05,8,256,0.0312,10240,10240,1200,3,0.996103,0.981354,0.218986,0.762368
OLMo-2-1124-13B-DPO,verse,0.05,16,256,0.0625,10240,10240,1200,3,0.998199,0.994196,0.378458,0.615738
OLMo-2-1124-13B-DPO,verse,0.05,24,256,0.0938,10240,10240,1200,3,0.99884,0.996054,0.490085,0.505969
OLMo-2-1124-13B-DPO,verse,0.05,32,256,0.125,10240,10240,1200,3,0.999088,0.997228,0.581519,0.415709
OLMo-2-1124-13B-DPO,verse,0.05,48,256,0.1875,10240,10240,1200,3,0.999412,0.998321,0.723958,0.274363
OLMo-2-1124-13B-DPO,verse,0.05,64,256,0.25,10240,10240,1200,3,0.999628,0.999063,0.828992,0.170071
OLMo-2-1124-13B-DPO,verse,0.05,96,256,0.375,10240,10240,1200,3,0.999885,0.999723,0.955441,0.044282
OLMo-2-1124-13B-DPO,verse,0.05,128,256,0.5,10240,10240,1200,3,1.0,0.999999,0.99979,0.000208
OLMo-2-1124-13B-DPO,verse,0.05,2,384,0.0052,10240,10240,1200,3,0.785034,0.436829,0.052816,0.384013
OLMo-2-1124-13B-DPO,verse,0.05,4,384,0.0104,10240,10240,1200,3,0.981892,0.687075,0.077019,0.610056
OLMo-2-1124-13B-DPO,verse,0.05,8,384,0.0208,10240,10240,1200,3,0.996441,0.979632,0.169106,0.810526
OLMo-2-1124-13B-DPO,verse,0.05,16,384,0.0417,10240,10240,1200,3,0.998275,0.993691,0.310136,0.683556
OLMo-2-1124-13B-DPO,verse,0.05,24,384,0.0625,10240,10240,1200,3,0.998758,0.995944,0.402711,0.593233
OLMo-2-1124-13B-DPO,verse,0.05,32,384,0.0833,10240,10240,1200,3,0.998969,0.996945,0.477477,0.519468
OLMo-2-1124-13B-DPO,verse,0.05,48,384,0.125,10240,10240,1200,3,0.999261,0.998088,0.604788,0.3933
OLMo-2-1124-13B-DPO,verse,0.05,64,384,0.1667,10240,10240,1200,3,0.999522,0.998729,0.698609,0.30012
OLMo-2-1124-13B-DPO,verse,0.05,96,384,0.25,10240,10240,1200,3,0.999757,0.999334,0.839339,0.159995
OLMo-2-1124-13B-DPO,verse,0.05,128,384,0.3333,10240,10240,1200,3,0.999885,0.999686,0.930481,0.069206
OLMo-2-1124-13B-DPO,verse,0.05,2,512,0.0039,10240,10240,1200,3,0.858962,0.445254,0.051395,0.39386
OLMo-2-1124-13B-DPO,verse,0.05,4,512,0.0078,10240,10240,1200,3,0.983075,0.70989,0.077596,0.632295
OLMo-2-1124-13B-DPO,verse,0.05,8,512,0.0156,10240,10240,1200,3,0.996308,0.980015,0.144358,0.835657
OLMo-2-1124-13B-DPO,verse,0.05,16,512,0.0312,10240,10240,1200,3,0.998193,0.993937,0.260939,0.732998
OLMo-2-1124-13B-DPO,verse,0.05,24,512,0.0469,10240,10240,1200,3,0.998574,0.995741,0.347217,0.648524
OLMo-2-1124-13B-DPO,verse,0.05,32,512,0.0625,10240,10240,1200,3,0.998787,0.996849,0.4151,0.581749
OLMo-2-1124-13B-DPO,verse,0.05,48,512,0.0938,10240,10240,1200,3,0.999114,0.997904,0.524874,0.473031
OLMo-2-1124-13B-DPO,verse,0.05,64,512,0.125,10240,10240,1200,3,0.999323,0.998454,0.612581,0.385872
OLMo-2-1124-13B-DPO,verse,0.05,96,512,0.1875,10240,10240,1200,3,0.999629,0.999117,0.748687,0.25043
OLMo-2-1124-13B-DPO,verse,0.05,128,512,0.25,10240,10240,1200,3,0.999763,0.999466,0.843517,0.155949
OLMo-2-1124-13B-DPO,verse,0.05,2,640,0.0031,10240,10240,1200,3,0.851836,0.45344,0.039481,0.413959
OLMo-2-1124-13B-DPO,verse,0.05,4,640,0.0063,10240,10240,1200,3,0.979308,0.676632,0.061713,0.614918
OLMo-2-1124-13B-DPO,verse,0.05,8,640,0.0125,10240,10240,1200,3,0.995899,0.979122,0.127797,0.851325
OLMo-2-1124-13B-DPO,verse,0.05,16,640,0.025,10240,10240,1200,3,0.998273,0.994224,0.234607,0.759616
OLMo-2-1124-13B-DPO,verse,0.05,24,640,0.0375,10240,10240,1200,3,0.998587,0.995691,0.312918,0.682773
OLMo-2-1124-13B-DPO,verse,0.05,32,640,0.05,10240,10240,1200,3,0.998814,0.996767,0.375042,0.621725
OLMo-2-1124-13B-DPO,verse,0.05,48,640,0.075,10240,10240,1200,3,0.999051,0.997742,0.47321,0.524532
OLMo-2-1124-13B-DPO,verse,0.05,64,640,0.1,10240,10240,1200,3,0.999299,0.99832,0.553669,0.444651
OLMo-2-1124-13B-DPO,verse,0.05,96,640,0.15,10240,10240,1200,3,0.999591,0.998969,0.679221,0.319748
OLMo-2-1124-13B-DPO,verse,0.05,128,640,0.2,10240,10240,1200,3,0.999735,0.999306,0.773952,0.225354
OLMo-2-1124-13B-DPO,summarization,0.05,2,64,0.0312,10240,10240,1200,3,0.966316,0.652397,0.141363,0.511034
OLMo-2-1124-13B-DPO,summarization,0.05,4,64,0.0625,10240,10240,1200,3,0.988572,0.780702,0.196139,0.584563
OLMo-2-1124-13B-DPO,summarization,0.05,8,64,0.125,10240,10240,1200,3,0.995912,0.937758,0.415485,0.522273
OLMo-2-1124-13B-DPO,summarization,0.05,16,64,0.25,10240,10240,1200,3,0.998613,0.989892,0.728976,0.260916
OLMo-2-1124-13B-DPO,summarization,0.05,24,64,0.375,10240,10240,1200,3,0.999619,0.997678,0.921497,0.076181
OLMo-2-1124-13B-DPO,summarization,0.05,32,64,0.5,10240,10240,1200,3,1.0,0.999953,0.995778,0.004175
OLMo-2-1124-13B-DPO,summarization,0.05,48,64,0.75,10240,10240,1200,3,1.0,1.0,1.0,0.0
OLMo-2-1124-13B-DPO,summarization,0.05,64,64,1.0,10240,10240,1200,3,1.0,1.0,1.0,0.0
OLMo-2-1124-13B-DPO,summarization,0.05,96,64,1.5,10240,10240,1200,3,1.0,1.0,1.0,0.0
OLMo-2-1124-13B-DPO,summarization,0.05,128,64,2.0,10240,10240,1200,3,1.0,1.0,1.0,0.0
OLMo-2-1124-13B-DPO,summarization,0.05,2,128,0.0156,10240,10240,1200,3,0.8772,0.703368,0.10855,0.594818
OLMo-2-1124-13B-DPO,summarization,0.05,4,128,0.0312,10240,10240,1200,3,0.982387,0.793667,0.149377,0.644289
OLMo-2-1124-13B-DPO,summarization,0.05,8,128,0.0625,10240,10240,1200,3,0.992479,0.924397,0.299088,0.625308
OLMo-2-1124-13B-DPO,summarization,0.05,16,128,0.125,10240,10240,1200,3,0.996744,0.984032,0.537265,0.446767
OLMo-2-1124-13B-DPO,summarization,0.05,24,128,0.1875,10240,10240,1200,3,0.998281,0.992652,0.687036,0.305615
OLMo-2-1124-13B-DPO,summarization,0.05,32,128,0.25,10240,10240,1200,3,0.998891,0.99608,0.79482,0.20126
OLMo-2-1124-13B-DPO,summarization,0.05,48,128,0.375,10240,10240,1200,3,0.999743,0.999103,0.943998,0.055104
OLMo-2-1124-13B-DPO,summarization,0.05,64,128,0.5,10240,10240,1200,3,1.0,0.999991,0.998944,0.001048
OLMo-2-1124-13B-DPO,summarization,0.05,96,128,0.75,10240,10240,1200,3,1.0,1.0,1.0,0.0
OLMo-2-1124-13B-DPO,summarization,0.05,128,128,1.0,10240,10240,1200,3,1.0,1.0,1.0,0.0
OLMo-2-1124-13B-DPO,summarization,0.05,2,256,0.0078,10240,10240,1200,3,0.954111,0.775861,0.074677,0.701184
OLMo-2-1124-13B-DPO,summarization,0.05,4,256,0.0156,10240,10240,1200,3,0.977638,0.793748,0.108935,0.684813
OLMo-2-1124-13B-DPO,summarization,0.05,8,256,0.0312,10240,10240,1200,3,0.989912,0.932582,0.206565,0.726017
OLMo-2-1124-13B-DPO,summarization,0.05,16,256,0.0625,10240,10240,1200,3,0.995879,0.981621,0.372945,0.608676
OLMo-2-1124-13B-DPO,summarization,0.05,24,256,0.0938,10240,10240,1200,3,0.997337,0.9897,0.493752,0.495948
OLMo-2-1124-13B-DPO,summarization,0.05,32,256,0.125,10240,10240,1200,3,0.99819,0.993113,0.586072,0.407041
OLMo-2-1124-13B-DPO,summarization,0.05,48,256,0.1875,10240,10240,1200,3,0.999079,0.996024,0.723023,0.273002
OLMo-2-1124-13B-DPO,summarization,0.05,64,256,0.25,10240,10240,1200,3,0.999536,0.997848,0.827921,0.169927
OLMo-2-1124-13B-DPO,summarization,0.05,96,256,0.375,10240,10240,1200,3,0.999884,0.99948,0.957661,0.041818
OLMo-2-1124-13B-DPO,summarization,0.05,128,256,0.5,10240,10240,1200,3,1.0,0.999999,0.999813,0.000186
OLMo-2-1124-13B-DPO,summarization,0.05,2,384,0.0052,10240,10240,1200,3,0.97554,0.800647,0.062486,0.738161
OLMo-2-1124-13B-DPO,summarization,0.05,4,384,0.0104,10240,10240,1200,3,0.977827,0.795857,0.087351,0.708506
OLMo-2-1124-13B-DPO,summarization,0.05,8,384,0.0208,10240,10240,1200,3,0.991806,0.936912,0.170455,0.766456
OLMo-2-1124-13B-DPO,summarization,0.05,16,384,0.0417,10240,10240,1200,3,0.996005,0.98277,0.302838,0.679932
OLMo-2-1124-13B-DPO,summarization,0.05,24,384,0.0625,10240,10240,1200,3,0.997089,0.989435,0.399993,0.589442
OLMo-2-1124-13B-DPO,summarization,0.05,32,384,0.0833,10240,10240,1200,3,0.998043,0.991991,0.482397,0.509593
OLMo-2-1124-13B-DPO,summarization,0.05,48,384,0.125,10240,10240,1200,3,0.999147,0.995116,0.604584,0.390532
OLMo-2-1124-13B-DPO,summarization,0.05,64,384,0.1667,10240,10240,1200,3,0.99953,0.996651,0.697521,0.29913
OLMo-2-1124-13B-DPO,summarization,0.05,96,384,0.25,10240,10240,1200,3,0.999816,0.99844,0.83856,0.15988
OLMo-2-1124-13B-DPO,summarization,0.05,128,384,0.3333,10240,10240,1200,3,0.999927,0.999369,0.930701,0.068668
OLMo-2-1124-13B-DPO,summarization,0.05,2,512,0.0039,10240,10240,1200,3,0.97247,0.662026,0.053955,0.608071
OLMo-2-1124-13B-DPO,summarization,0.05,4,512,0.0078,10240,10240,1200,3,0.975892,0.795815,0.07348,0.722334
OLMo-2-1124-13B-DPO,summarization,0.05,8,512,0.0156,10240,10240,1200,3,0.992924,0.938463,0.140499,0.797964
OLMo-2-1124-13B-DPO,summarization,0.05,16,512,0.0312,10240,10240,1200,3,0.996281,0.984301,0.26126,0.723042
OLMo-2-1124-13B-DPO,summarization,0.05,24,512,0.0469,10240,10240,1200,3,0.997513,0.989131,0.348919,0.640212
OLMo-2-1124-13B-DPO,summarization,0.05,32,512,0.0625,10240,10240,1200,3,0.998353,0.991798,0.417762,0.574036
OLMo-2-1124-13B-DPO,summarization,0.05,48,512,0.0938,10240,10240,1200,3,0.999209,0.994806,0.527545,0.467261
OLMo-2-1124-13B-DPO,summarization,0.05,64,512,0.125,10240,10240,1200,3,0.999505,0.996439,0.615083,0.381356
OLMo-2-1124-13B-DPO,summarization,0.05,96,512,0.1875,10240,10240,1200,3,0.999798,0.998103,0.750937,0.247166
OLMo-2-1124-13B-DPO,summarization,0.05,128,512,0.25,10240,10240,1200,3,0.999892,0.998913,0.848491,0.150421
OLMo-2-1124-13B-DPO,summarization,0.05,2,640,0.0031,10240,10240,1200,3,0.97434,0.686996,0.042072,0.644924
OLMo-2-1124-13B-DPO,summarization,0.05,4,640,0.0063,10240,10240,1200,3,0.976465,0.792802,0.057137,0.735665
OLMo-2-1124-13B-DPO,summarization,0.05,8,640,0.0125,10240,10240,1200,3,0.991346,0.927755,0.126282,0.801473
OLMo-2-1124-13B-DPO,summarization,0.05,16,640,0.025,10240,10240,1200,3,0.995864,0.982366,0.235541,0.746825
OLMo-2-1124-13B-DPO,summarization,0.05,24,640,0.0375,10240,10240,1200,3,0.997611,0.988828,0.308102,0.680725
OLMo-2-1124-13B-DPO,summarization,0.05,32,640,0.05,10240,10240,1200,3,0.998416,0.991195,0.372709,0.618486
OLMo-2-1124-13B-DPO,summarization,0.05,48,640,0.075,10240,10240,1200,3,0.999127,0.994248,0.471432,0.522816
OLMo-2-1124-13B-DPO,summarization,0.05,64,640,0.1,10240,10240,1200,3,0.999485,0.995921,0.552126,0.443796
OLMo-2-1124-13B-DPO,summarization,0.05,96,640,0.15,10240,10240,1200,3,0.999802,0.997715,0.678462,0.319253
OLMo-2-1124-13B-DPO,summarization,0.05,128,640,0.2,10240,10240,1200,3,0.999883,0.998547,0.772112,0.226434
OLMo-2-1124-13B-DPO,persona,0.05,2,64,0.0312,10240,10240,1200,3,0.982222,0.745486,0.119468,0.626018
OLMo-2-1124-13B-DPO,persona,0.05,4,64,0.0625,10240,10240,1200,3,0.992448,0.826598,0.192965,0.633633
OLMo-2-1124-13B-DPO,persona,0.05,8,64,0.125,10240,10240,1200,3,0.997116,0.987488,0.418697,0.568792
OLMo-2-1124-13B-DPO,persona,0.05,16,64,0.25,10240,10240,1200,3,0.99885,0.997327,0.731008,0.26632
OLMo-2-1124-13B-DPO,persona,0.05,24,64,0.375,10240,10240,1200,3,0.999761,0.999328,0.914144,0.085185
OLMo-2-1124-13B-DPO,persona,0.05,32,64,0.5,10240,10240,1200,3,1.0,0.999979,0.994535,0.005444
OLMo-2-1124-13B-DPO,persona,0.05,48,64,0.75,10240,10240,1200,3,1.0,1.0,1.0,0.0
OLMo-2-1124-13B-DPO,persona,0.05,64,64,1.0,10240,10240,1200,3,1.0,1.0,1.0,0.0
OLMo-2-1124-13B-DPO,persona,0.05,96,64,1.5,10240,10240,1200,3,1.0,1.0,1.0,0.0
OLMo-2-1124-13B-DPO,persona,0.05,128,64,2.0,10240,10240,1200,3,1.0,1.0,1.0,0.0
OLMo-2-1124-13B-DPO,persona,0.05,2,128,0.0156,10240,10240,1200,3,0.982921,0.776336,0.110176,0.66616
OLMo-2-1124-13B-DPO,persona,0.05,4,128,0.0312,10240,10240,1200,3,0.994059,0.849857,0.149069,0.700787
OLMo-2-1124-13B-DPO,persona,0.05,8,128,0.0625,10240,10240,1200,3,0.997212,0.984978,0.303029,0.681949
OLMo-2-1124-13B-DPO,persona,0.05,16,128,0.125,10240,10240,1200,3,0.998566,0.996377,0.527105,0.469272
OLMo-2-1124-13B-DPO,persona,0.05,24,128,0.1875,10240,10240,1200,3,0.999093,0.998057,0.679765,0.318292
OLMo-2-1124-13B-DPO,persona,0.05,32,128,0.25,10240,10240,1200,3,0.999447,0.998946,0.795611,0.203335
OLMo-2-1124-13B-DPO,persona,0.05,48,128,0.375,10240,10240,1200,3,0.999851,0.999714,0.943164,0.05655
OLMo-2-1124-13B-DPO,persona,0.05,64,128,0.5,10240,10240,1200,3,1.0,0.999997,0.998926,0.001071
OLMo-2-1124-13B-DPO,persona,0.05,96,128,0.75,10240,10240,1200,3,1.0,1.0,1.0,0.0
OLMo-2-1124-13B-DPO,persona,0.05,128,128,1.0,10240,10240,1200,3,1.0,1.0,1.0,0.0
OLMo-2-1124-13B-DPO,persona,0.05,2,256,0.0078,10240,10240,1200,3,0.973881,0.677868,0.076148,0.60172
OLMo-2-1124-13B-DPO,persona,0.05,4,256,0.0156,10240,10240,1200,3,0.989342,0.823128,0.104148,0.71898
OLMo-2-1124-13B-DPO,persona,0.05,8,256,0.0312,10240,10240,1200,3,0.996695,0.984459,0.203261,0.781198
OLMo-2-1124-13B-DPO,persona,0.05,16,256,0.0625,10240,10240,1200,3,0.998251,0.996425,0.37144,0.624985
OLMo-2-1124-13B-DPO,persona,0.05,24,256,0.0938,10240,10240,1200,3,0.998987,0.997738,0.487675,0.510064
OLMo-2-1124-13B-DPO,persona,0.05,32,256,0.125,10240,10240,1200,3,0.999168,0.998363,0.579328,0.419036
OLMo-2-1124-13B-DPO,persona,0.05,48,256,0.1875,10240,10240,1200,3,0.999548,0.999033,0.72755,0.271483
OLMo-2-1124-13B-DPO,persona,0.05,64,256,0.25,10240,10240,1200,3,0.999779,0.999425,0.831062,0.168363
OLMo-2-1124-13B-DPO,persona,0.05,96,256,0.375,10240,10240,1200,3,0.999938,0.999847,0.95791,0.041937
OLMo-2-1124-13B-DPO,persona,0.05,128,256,0.5,10240,10240,1200,3,1.0,1.0,0.999821,0.000179
OLMo-2-1124-13B-DPO,persona,0.05,2,384,0.0052,10240,10240,1200,3,0.983761,0.680545,0.056062,0.624483
OLMo-2-1124-13B-DPO,persona,0.05,4,384,0.0104,10240,10240,1200,3,0.991002,0.872115,0.076737,0.795378
OLMo-2-1124-13B-DPO,persona,0.05,8,384,0.0208,10240,10240,1200,3,0.996459,0.985383,0.169246,0.816137
OLMo-2-1124-13B-DPO,persona,0.05,16,384,0.0417,10240,10240,1200,3,0.998197,0.996418,0.307627,0.688791
OLMo-2-1124-13B-DPO,persona,0.05,24,384,0.0625,10240,10240,1200,3,0.998838,0.997564,0.400657,0.596908
OLMo-2-1124-13B-DPO,persona,0.05,32,384,0.0833,10240,10240,1200,3,0.999191,0.998199,0.480201,0.517998
OLMo-2-1124-13B-DPO,persona,0.05,48,384,0.125,10240,10240,1200,3,0.999545,0.998857,0.60058,0.398277
OLMo-2-1124-13B-DPO,persona,0.05,64,384,0.1667,10240,10240,1200,3,0.999677,0.999187,0.697826,0.301362
OLMo-2-1124-13B-DPO,persona,0.05,96,384,0.25,10240,10240,1200,3,0.999859,0.999621,0.838932,0.160689
OLMo-2-1124-13B-DPO,persona,0.05,128,384,0.3333,10240,10240,1200,3,0.999941,0.999839,0.932607,0.067231
OLMo-2-1124-13B-DPO,persona,0.05,2,512,0.0039,10240,10240,1200,3,0.982847,0.607082,0.048279,0.558803
OLMo-2-1124-13B-DPO,persona,0.05,4,512,0.0078,10240,10240,1200,3,0.988471,0.89754,0.068157,0.829383
OLMo-2-1124-13B-DPO,persona,0.05,8,512,0.0156,10240,10240,1200,3,0.99732,0.985265,0.142045,0.843221
OLMo-2-1124-13B-DPO,persona,0.05,16,512,0.0312,10240,10240,1200,3,0.998547,0.996536,0.264816,0.73172
OLMo-2-1124-13B-DPO,persona,0.05,24,512,0.0469,10240,10240,1200,3,0.999121,0.997759,0.347775,0.649984
OLMo-2-1124-13B-DPO,persona,0.05,32,512,0.0625,10240,10240,1200,3,0.99935,0.998346,0.420978,0.577368
OLMo-2-1124-13B-DPO,persona,0.05,48,512,0.0938,10240,10240,1200,3,0.999566,0.998919,0.526455,0.472464
OLMo-2-1124-13B-DPO,persona,0.05,64,512,0.125,10240,10240,1200,3,0.999691,0.999208,0.615424,0.383784
OLMo-2-1124-13B-DPO,persona,0.05,96,512,0.1875,10240,10240,1200,3,0.999843,0.999548,0.748607,0.25094
OLMo-2-1124-13B-DPO,persona,0.05,128,512,0.25,10240,10240,1200,3,0.999916,0.999738,0.848915,0.150823
OLMo-2-1124-13B-DPO,persona,0.05,2,640,0.0031,10240,10240,1200,3,0.980238,0.569826,0.046346,0.52348
OLMo-2-1124-13B-DPO,persona,0.05,4,640,0.0063,10240,10240,1200,3,0.986368,0.874926,0.061362,0.813564
OLMo-2-1124-13B-DPO,persona,0.05,8,640,0.0125,10240,10240,1200,3,0.996994,0.984644,0.128592,0.856052
OLMo-2-1124-13B-DPO,persona,0.05,16,640,0.025,10240,10240,1200,3,0.998416,0.996497,0.23193,0.764567
OLMo-2-1124-13B-DPO,persona,0.05,24,640,0.0375,10240,10240,1200,3,0.999013,0.997739,0.306541,0.691197
OLMo-2-1124-13B-DPO,persona,0.05,32,640,0.05,10240,10240,1200,3,0.999278,0.998238,0.369746,0.628492
OLMo-2-1124-13B-DPO,persona,0.05,48,640,0.075,10240,10240,1200,3,0.999529,0.998784,0.473854,0.52493
OLMo-2-1124-13B-DPO,persona,0.05,64,640,0.1,10240,10240,1200,3,0.999654,0.999076,0.552707,0.446369
OLMo-2-1124-13B-DPO,persona,0.05,96,640,0.15,10240,10240,1200,3,0.999813,0.999437,0.680423,0.319014
OLMo-2-1124-13B-DPO,persona,0.05,128,640,0.2,10240,10240,1200,3,0.999893,0.999639,0.77579,0.223848
