layer,0,1,2,3,4,5,6,7,8,9,10,11,12,13,14,15,16,17,18,19,20,21,22,23,24,25,26,27,28,29,30,31,32,33,34,35,36,37,38,39
0,0.014366303,-0.024933625,-0.061460685,0.069402106,0.014472509,0.048880283,0.044071883,0.0062250425,-0.058512002,-0.024340171,0.014605866,0.036888305,0.03636112,-0.027544394,0.016132278,0.015848761,0.052602347,0.0029865645,0.01028719,0.066246465,0.045525435,0.016281242,0.02141726,0.0037660217,0.026808443,0.055927392,0.011951656,0.017211981,0.021571541,0.062001724,0.009258538,-0.023521118,0.0061391066,0.009554806,0.03233468,0.00851593,-0.012606926,0.00471159,-0.020423431,0.012335548
1,0.0018911505,0.0017234635,0.008229065,-0.0005156589,-0.0019694995,-0.0029537964,0.008146245,0.0027013016,0.00032175065,0.0028582811,0.0044173407,0.0063127372,0.0066381074,-0.008784847,0.008839798,-0.00029582798,0.0019244265,-0.0031805038,0.0024437523,0.0068953508,0.0045828247,0.004778285,0.001355095,-0.00046679258,-0.0057928325,-0.0023765338,-0.004094992,0.00095253706,7.841587e-05,-0.0051144836,-2.7899741e-05,-0.0029228402,0.0030239963,-0.0054569817,-0.0010153151,-0.0009869576,0.003086729,0.0061185886,-0.0058796215,0.0021647085
2,0.0009975504,0.009162808,0.009624805,0.0073648095,-0.0032334768,0.0018324375,0.002115612,0.0008421183,-0.012153702,-0.0047055124,0.0016544819,0.004883709,-0.0023228335,-0.0034458637,-0.0073363306,0.0063720657,-0.013322268,0.009658193,0.002820444,0.012365665,-0.00023634911,0.003681612,0.0043729306,0.012589913,-0.007854805,-0.012246318,-0.004867363,0.008794213,-0.007963248,-0.015625153,-0.005364392,-0.0010988665,-0.00047991276,-0.0055058766,-0.010716307,-0.012493077,0.001965549,-0.006848669,-0.0022078229,0.001116001
3,0.0150884725,-0.014727316,0.0026753617,0.009192853,0.0024179267,-0.004196437,-0.009575088,-0.01207241,-0.0004781413,-0.0029229044,-0.0024724961,0.008487758,-0.0063586235,-0.0048928354,-0.000701313,-0.003482375,0.0015985108,0.008266067,0.00042721748,0.018289432,-0.008890667,0.0031808852,-0.0034474754,0.013870478,0.002787261,-0.015370097,0.0073164557,0.009166398,0.00067935465,0.0038608885,-0.006798246,-0.013998537,0.00050380826,-0.00050942897,-0.0051327418,-0.012368026,0.010422368,-0.0013587952,-0.003496313,0.00102458
4,-0.0012086487,-0.0023958301,-0.012194404,0.02676998,-0.0015824604,-0.0125485035,0.009904137,-0.010716782,-0.005636773,-0.016863994,0.0028914928,-0.01790835,0.0068668746,0.0060085966,-0.003836174,-0.013841843,-0.013982334,-0.0013879203,0.0046102335,0.026297264,-4.058838e-05,-0.01811432,-0.008314438,0.0066375113,-0.025298929,0.008743815,-0.0033083677,0.019481659,-0.023430137,0.009481678,0.018308364,-0.013382606,-0.02198908,0.028594742,0.025078392,0.0038263702,0.016460456,-0.0037500667,0.017761879,-0.0012616825
5,-0.0029277087,0.008179512,-0.011576214,0.009019595,-0.0075920676,-0.0130292345,0.0459906,-0.023899836,-0.029647637,-0.0068308734,0.006011233,-0.011074428,-0.011298447,0.0168783,0.008510399,0.01165164,0.0342786,-0.027442168,0.012808266,0.0037348557,-0.0012902451,-0.06082031,-0.0129611585,0.0042914297,-0.011533046,-0.013978329,-0.0142976,-0.0143117495,-0.0108235935,0.004360008,0.00201128,0.014455013,-0.017639618,-0.016297458,-0.008459291,-0.0036139393,0.009021082,0.0032806396,-0.0072190333,0.0108078765
6,0.0034078502,-0.0012815952,0.03205154,0.012382489,-0.012736168,-0.007312336,0.0019956005,0.0009915542,0.0056259916,-0.009430694,0.0008808231,0.0066790343,-0.001388998,0.0010228348,-0.018566301,-0.008383667,-0.009447365,0.015139236,0.019971166,0.010165293,0.012681007,0.005788784,0.00079734804,-0.0032009124,0.00036565663,0.0037179661,-0.0015247226,-0.0051988983,0.0025805854,0.010065002,-0.004926631,-0.008721199,-0.011334915,-0.0132986065,-0.014685574,-0.00997431,0.005097084,-0.0073494865,0.012086622,-0.01507761
7,0.007844429,0.018102111,0.008675308,0.031219177,0.0016787577,0.022305278,0.0048365784,-0.00092011335,0.0039789258,0.0050128745,-0.0028815079,-0.0070980596,-0.0075892447,0.0032817079,-0.012535905,0.010297425,-0.0017350006,0.04286518,0.01146761,0.009573808,0.013056809,-0.03423502,-0.008091068,-0.00026528595,0.0049395035,-0.0035806084,0.018034669,0.020644454,0.006070938,-0.0093659405,-0.002664318,0.02472309,-0.024278069,0.0004421997,0.0034967232,-0.019978676,0.014493447,-0.017777177,-0.00773118,0.015224243
8,0.019083442,0.026357537,-0.0097551355,0.011812777,0.0074007986,0.04700409,-0.039828528,-0.018531494,-0.0063874056,-0.008322106,0.008587265,-0.009882155,0.01155943,0.0047260094,0.032658044,0.0064786337,0.04922857,-0.016916122,-0.021500092,0.027626533,-0.009526558,0.027272778,0.009568367,0.0010745144,-0.016907597,0.015078993,0.0026148225,0.004318504,0.0029988862,0.010706634,0.011440201,-0.00952404,-0.015131474,-0.026119499,0.00015117646,0.0048464583,0.005182552,-0.0041950606,0.007834053,0.0036599494
9,0.015732085,0.0031296348,-0.007564926,0.052107316,0.03864625,0.020197067,0.011556454,-0.034674186,0.013775303,-0.012563705,0.004305744,-0.00799324,-0.0013339233,0.0037427521,0.0024952316,0.013426094,-0.0021928216,-0.0012808228,0.0050128843,-0.029092826,0.025651969,-0.030647088,-0.0023918343,0.028977318,0.029172478,0.02168373,-0.004367733,0.031111268,0.014983139,0.014718953,0.04426159,-0.028875818,0.02135068,0.0020678712,-0.001904006,-0.008405936,-0.0039792727,-0.013987046,0.0035013198,0.008219452
10,-0.002175312,-0.006415539,-0.025894755,0.032329332,0.022510681,0.025556793,-0.010158921,0.0015363311,0.014635162,-0.011257954,-0.0011643982,0.029774465,-0.024414787,0.053187028,0.018701324,0.01085227,0.0032923603,0.038705524,-5.4917335e-05,0.0028068924,0.012368279,0.009812871,0.034821205,0.013924165,0.021526013,0.009071541,-0.017142795,-0.026327096,-0.017261123,0.011566648,0.026003761,-0.0007602644,0.015717316,0.023479156,0.028178845,0.04217102,0.01671641,0.0012203169,0.004822321,-0.0121578695
11,-0.003181534,-0.0035453485,-0.0059031295,0.043640364,-0.0048317146,-0.011322251,0.009598246,0.017610721,0.008823013,0.053757425,0.049185485,0.057900086,-0.014488564,0.005016174,0.023432465,-0.0023257446,0.010697708,0.047502592,0.028299714,-0.0029190301,0.023774548,0.019808311,2.1972657e-05,0.0048291017,0.01822029,-0.0008468628,0.031374797,-0.017664833,-0.008774566,0.029515533,-0.021327037,-0.010068235,-0.01669497,-0.002123642,-0.0050556944,-0.0023038292,0.018193455,0.041585416,-0.010630112,0.02175232
12,0.028017197,-0.0010930109,0.025334816,0.056343842,-0.0018776703,-0.002623062,0.01067482,0.021409988,0.030280342,-0.016125651,-0.026818639,0.0472876,-0.004101944,0.009776535,0.01106926,-0.002230339,0.055801544,0.04235325,-0.034645222,0.05159874,0.029266968,-0.006650238,0.016346512,0.0630969,-0.009113726,0.030266423,0.07058991,0.016637497,-0.018132925,0.008113132,0.023384247,0.01193922,0.020149708,0.014335079,0.0015333557,-0.0004553032,0.04578064,0.039096452,0.032323416,-0.01631896
13,0.014305954,0.06484062,0.079617396,0.062222958,0.030707855,0.015376844,-0.0015081024,0.09333569,0.06428483,0.08389965,0.025652314,0.056316614,0.0052000047,0.0529393,0.030106887,0.025658073,0.063059844,0.010464897,0.04817234,0.05946865,0.046253033,0.04313675,0.027692337,0.009338761,0.04527298,0.039720993,-0.00041362763,0.04014904,0.0434342,0.027385445,0.053220343,0.019216366,0.013500672,0.021436233,0.0742021,0.071131095,0.03347429,0.026770882,0.062889785,0.024754334
14,0.033218764,0.008363076,0.05053829,0.041941833,-0.025028305,0.025566043,0.051883735,-0.008510628,0.07032959,0.041758526,0.04493393,0.037675742,0.0051249694,0.0333638,0.043354187,0.0189744,0.013980007,0.013616676,-0.00089611055,0.01593296,-0.00063072203,0.036463775,0.05679943,0.032533493,0.045837536,-0.045721818,0.048720922,0.027357178,0.023686904,-0.0039064027,-0.024163304,0.033611756,0.01896349,0.032776948,0.066662595,0.051621705,0.072205655,0.015618763,-0.02351822,-0.03664551
15,0.03376873,0.04078491,0.027217751,0.034108963,0.053955805,0.056286316,0.03753596,0.09204987,0.05134922,0.01812581,0.083918914,-0.013325615,-0.012457886,0.03646721,0.05626453,0.0056481934,0.026711406,0.03596342,0.056518096,0.041362457,0.016828537,0.033047102,0.01256813,0.025346031,0.02176033,0.046217345,0.037325744,0.07081375,0.02329875,0.01151207,0.03375847,0.017757444,0.007558098,0.056403197,0.054721106,0.019553604,0.0052104187,0.061376095,0.023650207,0.021661988
16,0.06898138,0.103557736,0.057356738,0.025880432,0.061471365,0.104934596,0.029416962,0.09642927,0.12634483,0.066201895,0.08558052,0.038758088,0.06844051,0.1009108,0.03947563,0.02281288,-0.0013491821,0.06988556,0.08630585,0.017118378,0.09582001,0.12671486,0.037016924,0.08640579,0.11121887,0.009258194,0.07568176,0.069929086,0.027984237,0.07989349,0.06026726,0.053969726,0.0814862,0.12131819,0.09354363,0.03594719,-0.011619296,0.07892303,0.03117074,0.031289063
17,0.008371077,0.119916,0.028640289,0.09694443,0.10336872,0.010883484,-0.015005932,0.07331863,0.11585953,0.09254524,0.058450013,0.032283477,0.053566944,0.13500732,0.120245054,0.07937111,0.06251541,0.06824799,0.047554474,0.02480071,0.055368043,0.0823703,0.05215698,0.11844711,0.062922575,0.04807701,0.024557648,0.06922546,0.077632524,0.063247375,0.13892516,0.10526123,0.14513808,0.04902275,0.09123176,0.014335632,0.05709854,0.14937763,0.048736878,0.06354919
18,0.042307664,0.11174499,0.04197235,0.16366544,0.10559767,0.014073181,0.06449479,0.14190994,0.06084183,0.09564331,0.08941473,0.059616853,0.017123632,0.04172821,0.04225975,0.048206788,0.051451415,0.127491,0.060194187,0.09971516,-0.023482056,0.0288311,0.059400577,0.082205966,0.09929416,0.04004484,0.05219656,0.05147789,0.11552872,0.04650879,0.07026406,0.0629662,0.047923356,0.10918896,0.0657481,0.077710494,0.10536781,0.049605865,0.065473445,0.020800477
19,0.023751277,0.064031065,0.102095716,0.024255065,0.073018186,0.060281526,0.064692385,0.10740799,0.06395874,0.07394333,0.05341138,0.061684877,0.047083054,0.10091301,0.06315437,0.051613007,0.0979742,0.04762248,0.045114096,0.12280404,0.10702911,0.07725052,0.071100235,0.03469101,0.06608963,0.00035694122,0.031536408,0.015676422,0.12222229,0.04577342,0.09592743,0.0094331745,0.034975205,0.09334122,0.06694412,0.027140504,0.0051911,0.085474856,0.056208115,0.099871084
20,0.05852997,0.053367235,0.08556953,0.038408432,0.056847647,0.11349502,0.02253191,0.075286865,0.063697584,0.062475625,0.061677553,0.15923977,0.06442146,0.047809944,0.057366334,0.016274415,0.095662616,0.08710892,0.003889613,0.09604492,0.054987412,0.030215912,0.045906793,0.053336333,0.07006935,0.045047056,0.04842514,0.12638038,0.029951058,0.055932008,0.060191765,0.026447782,0.02979393,0.054677714,0.05831894,0.06217083,0.06840751,0.041232377,0.058510438,0.03462555
21,0.01429184,0.0136093525,-0.03606598,0.013243675,0.032289047,0.025474606,-0.00065549853,-0.022797642,0.0057592774,0.013043156,-0.000765152,0.041072845,0.010626526,0.010207291,0.021586532,-0.036588002,-0.0027387238,0.037502173,0.0017272568,0.02183441,0.00034881593,0.042933274,0.028406601,0.009381714,0.028114205,0.011676636,0.028095856,0.052008666,-0.007443862,-0.0062633515,-0.009795494,0.005851326,-0.010702086,0.028688049,-0.0035875703,-0.027554322,-0.011651926,0.021052703,0.022905279,0.04027855
22,0.050606154,0.06533547,0.06119667,0.05213602,0.07002655,0.057619438,0.032237243,0.036658153,0.035392303,0.057421975,0.0453331,0.09524689,0.06617859,0.06331978,0.09268829,0.047045592,0.066105954,0.062157974,0.083755665,0.068907775,0.04061203,0.07831034,0.048729096,0.04812738,0.039844017,0.055478152,0.032254804,0.08610146,0.04738016,0.061620828,0.049244728,0.030270118,0.06679321,0.07635054,0.03959938,0.04165644,0.05245266,0.0063374327,0.06382503,0.058641855
23,0.08851242,0.085291,0.0833036,0.07639244,0.074838564,0.054519653,0.073640555,0.04353546,0.06585319,0.046529043,0.071340725,0.08712342,0.057666626,0.07164459,0.07166999,0.06737369,0.059500128,0.09048126,0.08365845,0.058254853,0.06775741,0.046140138,0.07127602,0.08666896,0.060360413,0.0555764,0.075912625,0.09017811,0.0705077,0.09928909,0.10429039,0.053198203,0.07281907,0.08804215,0.059981138,0.08888754,0.08273499,0.09770813,0.07484872,0.06646351
24,0.094237976,0.061409865,0.081539005,0.083655395,0.093742676,0.09154114,0.06477577,0.07742434,0.06966217,0.052526988,0.06252724,0.09321289,0.07929245,0.07157803,0.0686433,0.094599,0.09289259,0.086770326,0.10083404,0.08012878,0.06694336,0.07373241,0.08978302,0.08273285,0.07995329,0.096909106,0.08997022,0.079124756,0.0718827,0.090656206,0.0985141,0.08425385,0.08506256,0.10046051,0.078595124,0.07350067,0.08390785,0.07054335,0.0649797,0.05869011
25,0.037166175,0.026890326,0.04412735,0.018615723,0.0139492415,0.026773872,0.023690566,0.020749988,0.043396417,0.020695115,0.042413026,0.031881083,0.018121108,0.026355209,0.049084738,0.033689804,0.024082337,0.044995803,0.030006409,0.008593044,0.018968659,0.03354946,0.043454666,0.020581283,0.030476836,0.056431808,0.009611969,0.056315888,0.033098374,0.046359826,0.04163372,0.04148842,0.031286165,0.02961708,0.01176754,0.0062419893,0.021591034,0.016828537,0.026098615,0.0057476806
26,-0.0041088057,-0.0023875379,-0.005411415,0.008569684,0.00018221856,0.0075328257,0.01654867,0.017914085,-0.003848772,-0.0206495,-0.0022515105,0.0020234298,-0.0014805985,0.008065543,0.0024619293,-0.0029629515,0.0139163975,0.00472777,0.005074887,0.0023760796,-0.0030568314,0.008137474,-0.012926007,-0.005831795,-0.003114319,-0.021919798,0.0009747028,0.0018823814,-0.0061154603,-0.005996208,-0.002827556,0.007870179,-0.014766903,0.006756487,0.0012187958,-0.013892114,-0.012048731,0.007351341,0.005006294,0.003822899
27,-0.0028105832,0.008776169,-0.011560202,0.023396645,0.006465597,-0.004745724,0.020624304,-0.009611902,-0.0038436698,0.0096764,0.016898908,-0.0024190904,0.006907177,0.0033224202,0.005267458,0.013440638,0.0022933101,0.018142795,0.00092142104,0.00498621,-0.003699951,-0.0054660034,0.013742027,0.0061081694,0.018896803,0.010294528,0.0017503834,0.014241657,-0.008810387,0.016305313,-0.0027492165,0.007126799,-0.0052880095,-0.0036194993,0.003382206,-0.00056612014,0.004582558,0.005510483,-0.009120331,0.013056784
28,0.045570947,0.028040696,0.053436775,0.047254447,0.031655367,0.03641014,0.03358696,0.044875383,0.028341599,0.027161788,0.037861787,0.04291035,0.03467676,0.027650222,0.036718674,0.024165649,0.039649755,0.061090365,0.040616456,0.03501379,0.050609536,0.036037292,0.030760728,0.036382936,0.039411277,0.039874498,0.02691717,0.033217087,0.046408158,0.033255767,0.03208916,0.03877938,0.04617464,0.043418303,0.024232177,0.020263977,0.029533196,0.02712677,0.037032127,0.03384941
29,0.038315926,0.035933245,0.04088768,0.04207431,0.031151876,0.047542237,0.03845863,0.040503923,0.039306335,0.014977302,0.019439746,0.04090126,0.043008976,0.050867006,0.035134487,0.030247841,0.053787306,0.04223595,0.048692513,0.03129816,0.016630515,0.035559844,0.031337567,0.040916063,0.042923927,0.042798925,0.03585602,0.036241703,0.028551789,0.046591233,0.051212844,0.026716404,0.038489297,0.050812837,0.0340522,0.045821723,0.040558167,0.0413976,0.030367952,0.017682038
30,-0.0026774788,0.0043250322,0.0004545808,-0.0005506325,0.002174617,0.0019544791,-0.012165413,0.013562002,0.005260315,0.01386806,0.0014044571,-0.003524728,-0.0041665174,0.0037799836,-0.0013331175,0.007472744,-0.008982125,0.013680363,0.0049204635,-0.0017436504,-0.0026766444,0.0036734033,-0.003975029,0.0017792046,-0.00217247,0.001642456,-0.0010381889,0.006796675,0.009572239,-0.0018089962,0.0029916572,-0.0033303595,0.0036298083,0.00079036714,-0.005707755,0.0050447844,-0.00053195,0.008306294,0.0028693771,-0.00047858237
31,0.0039764405,0.0019260788,0.010346318,0.008926468,-0.0026132201,-0.0002165985,0.009101334,-0.0051275063,0.004321227,0.00508728,0.0052744485,0.0081952,0.0021109772,0.0099790525,-0.006296663,0.02177002,0.014727059,0.012167053,9.189606e-05,0.0051200963,0.0043712617,0.01849577,-0.006304417,-0.004604001,-0.0034217502,0.02277194,0.008760624,-0.0062599946,-0.0017819214,-0.006714344,-0.005485954,0.0042705154,0.00032165527,-0.008871398,0.013478932,0.006692467,0.0012662506,0.0034728288,0.007530479,0.0071762083
32,0.019245835,0.006851444,0.010303164,0.0019331265,0.018441362,0.006314144,0.022036027,0.024881821,0.021199914,0.01067915,0.018080402,-0.00227808,0.011501922,0.016287003,0.013960418,0.026283512,0.008430076,0.019439735,0.0071414183,0.013672517,0.009063053,0.013150472,0.010115938,0.009072423,0.01523838,0.008340692,0.0086379,0.008069534,0.008952251,0.012913814,0.0070338156,0.018523427,0.021436749,0.0095409965,-0.0045351028,0.010968017,0.02174674,0.022038573,0.019236412,0.009524827
33,0.0056251907,0.0006676388,0.008821382,0.005924201,0.0068526114,0.010201063,0.007304027,-0.0025658894,0.00020961762,0.012161898,0.0038289928,-0.0008196497,0.009735527,0.004123268,0.010683794,0.006785431,0.008617367,0.015810777,0.013054545,0.015418091,-0.00851738,0.012786517,0.012627754,0.013182764,0.015805455,0.0127317235,0.0025008775,0.011860552,0.009414291,0.012032261,0.0061145425,0.0020092868,0.009651241,-0.00093536376,0.007823839,0.013160515,0.0163484,0.0047099423,0.002691536,-0.0047585107
34,0.009467573,-0.0032699013,-0.0010816955,-0.001485424,-0.014597778,-0.0043374915,0.010600567,0.00046600343,0.002078948,0.0014841509,0.0028379918,-0.0045749475,-0.0032993078,-0.0006862366,0.0020660781,0.0041033886,-0.0033817578,0.017256217,0.007840471,-0.004997177,-0.0066392994,0.017663002,0.015099755,0.005903759,0.0050005913,0.0038320255,0.010244754,0.0028082847,0.01130806,0.00033058168,0.01087862,-0.004830952,0.004372797,0.0033791352,0.00064088823,0.0034565353,-0.0065597673,-0.0054325485,-0.0059011457,0.002955358
35,0.03469412,0.014348195,0.02365119,0.04153141,0.021147309,0.017694836,0.027584424,0.013289337,0.017017936,0.011241341,0.013855133,0.017189045,0.020172253,0.030385971,0.029876605,0.023824215,0.010158381,0.032149736,0.015538349,0.025026526,0.011285629,0.012378988,0.0128639415,0.01261158,0.0061834906,-0.0021667671,0.020282555,0.012205506,0.019146595,0.027433777,0.028184071,0.019846892,0.024876177,0.016221084,0.018411046,0.006127162,0.027479991,0.024169063,6.6719054e-05,0.012519112
36,-0.0013820624,-0.009534512,0.0015245628,-0.007429936,0.00508719,-0.007856426,-0.017730039,-0.008411426,-0.0036841393,-6.408691e-06,-0.008584631,-0.016365213,0.005470885,-0.005960841,-0.0019977188,-0.0027306653,-0.0043628598,-0.0029030228,-0.0014281487,-0.0012153721,-0.0053904722,0.002842064,-0.00082846644,0.0022507096,-0.002629528,-0.012030282,-0.0017018318,-0.0054653166,-0.0024902343,-0.0032018756,-0.0018766022,0.0033831643,0.0005909997,-0.009899301,0.0010133695,-0.012939815,0.00054193975,-0.0030249024,-0.017477402,0.0010162544
37,0.044219665,0.0288377,0.02702816,0.02578434,0.02909645,0.019886337,0.031238632,0.018882053,0.021048212,0.02305954,0.0322406,0.028233252,0.02532196,0.036221217,0.03683666,0.039000053,0.03095337,0.03517582,0.029467488,0.021121887,0.03277422,0.02550354,0.024671897,0.028724037,0.030476607,0.028802281,0.020834733,0.025398865,0.02209033,0.033284914,0.044205513,0.023902664,0.04115055,0.026953746,0.027774276,0.029159145,0.029526072,0.03014861,0.028138665,0.02667755
38,0.009285297,0.008224354,0.011710434,0.0051612044,0.014965649,-0.00017440796,-0.0068739583,0.009799662,0.014594679,0.008044982,0.006157513,0.009465561,0.0054065525,0.009669724,0.004676466,0.012590384,-0.0028166198,0.0036936188,0.011009808,0.015207019,0.009813919,0.008444214,0.0059275054,0.0010081482,0.002167902,0.015101576,0.0084795905,0.0051974296,0.007266979,0.004131565,0.013430357,-0.00024116517,0.0016810608,0.009619751,0.008311605,0.010088835,-0.00585351,0.010525474,0.0096108625,0.006491306
39,-0.02335276,-0.017012186,-0.019832859,-0.011260149,-0.030006146,-0.02291516,-0.021116143,-0.027414227,-0.023428688,-0.008086043,-0.019313745,-0.03023651,-0.022690391,-0.036131155,-0.02684412,-0.02200365,-0.029139366,-0.03123024,-0.036844406,-0.029558295,-0.017181344,-0.031121282,-0.017591143,-0.030939197,-0.023858553,0.0008818722,-0.01632187,-0.021608558,-0.020069085,-0.031107062,-0.032982673,-0.024367094,-0.032159425,-0.024401283,-0.019619828,-0.023215123,-0.02478241,-0.019478932,-0.03198102,-0.031980287
