model,task,group,part,value,control,excess
gemma-3-12b-it,verse,LF-only,A_contrast,-0.10233795431266726,-0.08698793330520609,-0.015350021007461176
gemma-3-12b-it,verse,ST-only,A_contrast,-0.0828588355611333,-0.07826110276369658,-0.004597732797436721
gemma-3-12b-it,verse,LF-only,B_capture_2nd,0.15804828949629876,0.14903846153846154,0.009009827957837224
gemma-3-12b-it,verse,LF-only,B_capture_1st,0.14856904487197214,0.14903846153846154,-0.00046941666648939173
gemma-3-12b-it,verse,ST-only,B_capture_2nd,0.1310581217117547,0.12916666666666668,0.0018914550450880308
gemma-3-12b-it,verse,ST-only,B_capture_1st,0.1317187358935674,0.12916666666666668,0.0025520692269007106
gemma-3-12b-it,summarization,LF-only,A_contrast,-0.03383973218745429,-0.03564524823261756,0.001805516045163269
gemma-3-12b-it,summarization,ST-only,A_contrast,0.025244126492850395,0.02692694376115326,-0.0016828172683028657
gemma-3-12b-it,summarization,LF-only,B_capture_2nd,0.1720712372143661,0.16666666666666666,0.005404570547699439
gemma-3-12b-it,summarization,LF-only,B_capture_1st,0.15892619794855514,0.16666666666666666,-0.007740468718111515
gemma-3-12b-it,summarization,ST-only,B_capture_2nd,0.14480700580703437,0.14285714285714285,0.0019498629498915232
gemma-3-12b-it,summarization,ST-only,B_capture_1st,0.15103990691048758,0.14285714285714285,0.008182764053344727
gemma-3-12b-it,bias,LF-only,A_contrast,-0.07178201264957254,-0.06705299586694002,-0.004729016782632517
gemma-3-12b-it,bias,ST-only,A_contrast,0.11563012427137942,0.10465151181899847,0.01097861245238095
gemma-3-12b-it,bias,LF-only,B_capture_2nd,0.17007267560407163,0.16145833333333334,0.00861434227073829
gemma-3-12b-it,bias,LF-only,B_capture_1st,0.16525156113008657,0.16145833333333334,0.003793227796753229
gemma-3-12b-it,bias,ST-only,B_capture_2nd,0.1076867745837477,0.11397058823529412,-0.006283813651546413
gemma-3-12b-it,bias,ST-only,B_capture_1st,0.11170850869487314,0.11397058823529412,-0.002262079540420972
gemma-3-12b-it,factual recall,LF-only,A_contrast,-0.07019733116274145,-0.0753778002951175,0.005180469132376048
gemma-3-12b-it,factual recall,ST-only,A_contrast,-0.014214433507616545,0.003045416133092562,-0.017259849640709108
gemma-3-12b-it,factual recall,LF-only,B_capture_2nd,0.1356706097310397,0.14583333333333334,-0.010162723602293644
gemma-3-12b-it,factual recall,LF-only,B_capture_1st,0.14891149948040644,0.14583333333333334,0.003078166147073097
gemma-3-12b-it,factual recall,ST-only,B_capture_2nd,0.11783199312841752,0.12152777777777778,-0.0036957846493602536
gemma-3-12b-it,factual recall,ST-only,B_capture_1st,0.12433089067538579,0.12152777777777778,0.002803112897608012
gemma-3-12b-it,persona,LF-only,A_contrast,-0.09256601137329097,-0.08843513631016318,-0.004130875063127787
gemma-3-12b-it,persona,ST-only,A_contrast,0.10149937380224691,0.10447076474481305,-0.0029713909425661406
gemma-3-12b-it,persona,LF-only,B_capture_2nd,0.20550094622597076,0.19886363636363635,0.006637309862334406
gemma-3-12b-it,persona,LF-only,B_capture_1st,0.19648509506474843,0.19886363636363635,-0.002378541298887926
gemma-3-12b-it,persona,ST-only,B_capture_2nd,0.11222372961541456,0.11513157894736842,-0.0029078493319538573
gemma-3-12b-it,persona,ST-only,B_capture_1st,0.12351371034195549,0.11513157894736842,0.008382131394587072
Qwen1.5-14B-Chat,verse,LF-only,A_contrast,-0.05563917508462754,-0.05748273305411935,0.0018435579694918089
Qwen1.5-14B-Chat,verse,ST-only,A_contrast,-0.04770594517357821,-0.047564136519387894,-0.00014180865419031324
Qwen1.5-14B-Chat,verse,LF-only,B_capture_2nd,0.10243553263564444,0.10416666666666667,-0.0017311340310222356
Qwen1.5-14B-Chat,verse,LF-only,B_capture_1st,0.10751716937455866,0.10416666666666667,0.0033505027078919863
Qwen1.5-14B-Chat,verse,ST-only,B_capture_2nd,0.08005039560901088,0.08152173913043478,-0.001471343521423904
Qwen1.5-14B-Chat,verse,ST-only,B_capture_1st,0.08291614379571832,0.08152173913043478,0.0013944046652835385
Qwen1.5-14B-Chat,summarization,LF-only,A_contrast,-0.024626558769668443,-0.022236180862895184,-0.0023903779067732597
Qwen1.5-14B-Chat,summarization,ST-only,A_contrast,-0.013642980594667732,-0.013858701471040067,0.00021572087637233492
Qwen1.5-14B-Chat,summarization,LF-only,B_capture_2nd,0.10276440442310637,0.10147058823529412,0.001293816187812255
Qwen1.5-14B-Chat,summarization,LF-only,B_capture_1st,0.10889319122275885,0.10147058823529412,0.007422602987464735
Qwen1.5-14B-Chat,summarization,ST-only,B_capture_2nd,0.08579997897966633,0.08625000000000001,-0.0004500210203336741
Qwen1.5-14B-Chat,summarization,ST-only,B_capture_1st,0.08702990747988223,0.08625000000000001,0.0007799074798822275
Qwen1.5-14B-Chat,bias,LF-only,A_contrast,0.07196728476646132,0.06858501667074592,0.0033822680957154017
Qwen1.5-14B-Chat,bias,ST-only,A_contrast,0.06079700916335614,0.06131968114307202,-0.0005226719797158802
Qwen1.5-14B-Chat,bias,LF-only,B_capture_2nd,0.11642839668986,0.10625,0.010178396689860009
Qwen1.5-14B-Chat,bias,LF-only,B_capture_1st,0.11253148887772113,0.10625,0.006281488877721134
Qwen1.5-14B-Chat,bias,ST-only,B_capture_2nd,0.09582393618509326,0.09444444444444444,0.0013794917406488166
Qwen1.5-14B-Chat,bias,ST-only,B_capture_1st,0.0988354380759928,0.09444444444444444,0.004390993631548351
Qwen1.5-14B-Chat,factual recall,LF-only,A_contrast,-0.04040796345701553,-0.03979158667656341,-0.0006163767804521145
Qwen1.5-14B-Chat,factual recall,ST-only,A_contrast,-0.08379929958200388,0.035823327743101256,-0.11962262732510515
Qwen1.5-14B-Chat,factual recall,LF-only,B_capture_2nd,0.09716415956477906,0.09605263157894738,0.0011115279858316812
Qwen1.5-14B-Chat,factual recall,LF-only,B_capture_1st,0.09530176369375304,0.09605263157894738,-0.0007508678851943368
Qwen1.5-14B-Chat,factual recall,ST-only,B_capture_2nd,0.13831624118981886,0.10138888888888889,0.03692735230092997
Qwen1.5-14B-Chat,factual recall,ST-only,B_capture_1st,0.10712096405526002,0.10138888888888889,0.005732075166371128
Qwen1.5-14B-Chat,persona,LF-only,A_contrast,0.15017222674556016,0.14655164599007806,0.0036205807554821057
Qwen1.5-14B-Chat,persona,ST-only,A_contrast,0.1519598808827939,0.15413200715220218,-0.00217212626940827
Qwen1.5-14B-Chat,persona,LF-only,B_capture_2nd,0.11641352155809945,0.11333333333333333,0.00308018822476612
Qwen1.5-14B-Chat,persona,LF-only,B_capture_1st,0.11453494938711326,0.11333333333333333,0.0012016160537799275
Qwen1.5-14B-Chat,persona,ST-only,B_capture_2nd,0.10556169844703223,0.10625,-0.0006883015529677711
Qwen1.5-14B-Chat,persona,ST-only,B_capture_1st,0.10362832655664533,0.10625,-0.0026216734433546635
Falcon3-10B-Instruct,verse,LF-only,A_contrast,-0.05903981075108021,-0.0580391197670555,-0.0010006909840247075
Falcon3-10B-Instruct,verse,ST-only,A_contrast,-0.04952151525171024,-0.04562410752154198,-0.0038974077301682578
Falcon3-10B-Instruct,verse,LF-only,B_capture_2nd,0.19196190528047746,0.19166666666666665,0.00029523861381081096
Falcon3-10B-Instruct,verse,LF-only,B_capture_1st,0.19433810338377952,0.19166666666666665,0.0026714367171128683
Falcon3-10B-Instruct,verse,ST-only,B_capture_2nd,0.1300076148207457,0.11979166666666666,0.01021594815407903
Falcon3-10B-Instruct,verse,ST-only,B_capture_1st,0.12963225040584803,0.11979166666666666,0.009840583739181369
Falcon3-10B-Instruct,summarization,LF-only,A_contrast,-0.05186721568663469,-0.053742020802588636,0.001874805115953948
Falcon3-10B-Instruct,summarization,ST-only,A_contrast,-0.04614397200649926,-0.015623260592362437,-0.03052071141413682
Falcon3-10B-Instruct,summarization,LF-only,B_capture_2nd,0.18552882484446662,0.18333333333333332,0.002195491511133296
Falcon3-10B-Instruct,summarization,LF-only,B_capture_1st,0.17523471936583518,0.18333333333333332,-0.008098613967498142
Falcon3-10B-Instruct,summarization,ST-only,B_capture_2nd,0.19394054845535136,0.16666666666666666,0.0272738817886847
Falcon3-10B-Instruct,summarization,ST-only,B_capture_1st,0.18814458359371533,0.16666666666666666,0.021477916927048674
OLMo-2-1124-13B-DPO,verse,LF-only,A_contrast,-0.0754191966782067,-0.07513875048651823,-0.0002804461916884743
OLMo-2-1124-13B-DPO,verse,ST-only,A_contrast,-0.05601977209014221,-0.05660018393894847,0.0005804118488062643
OLMo-2-1124-13B-DPO,verse,LF-only,B_capture_2nd,0.11010207028531739,0.10625,0.003852070285317394
OLMo-2-1124-13B-DPO,verse,LF-only,B_capture_1st,0.10714718222152442,0.10625,0.0008971822215244202
OLMo-2-1124-13B-DPO,verse,ST-only,B_capture_2nd,0.08939375508353423,0.08947368421052632,-7.992912699208987e-05
OLMo-2-1124-13B-DPO,verse,ST-only,B_capture_1st,0.08866103120932453,0.08947368421052632,-0.0008126530012017852
OLMo-2-1124-13B-DPO,summarization,LF-only,A_contrast,-0.04808559333106164,0.003176431784780512,-0.05126202511584215
OLMo-2-1124-13B-DPO,summarization,ST-only,A_contrast,-0.025511553983310568,-0.014970396394901511,-0.010541157588409057
OLMo-2-1124-13B-DPO,summarization,LF-only,B_capture_2nd,0.11648407882282356,0.12,-0.0035159211771764315
OLMo-2-1124-13B-DPO,summarization,LF-only,B_capture_1st,0.1222106638054053,0.12,0.0022106638054052996
OLMo-2-1124-13B-DPO,summarization,ST-only,B_capture_2nd,0.11459038510947263,0.1125,0.0020903851094726256
OLMo-2-1124-13B-DPO,summarization,ST-only,B_capture_1st,0.1124202823266387,0.1125,-7.97176733613042e-05
OLMo-2-1124-13B-DPO,bias,LF-only,A_contrast,0.06804397277723921,0.02993027074582072,0.03811370203141849
OLMo-2-1124-13B-DPO,bias,ST-only,A_contrast,0.07621861787946854,0.07349037210183378,0.0027282457776347663
OLMo-2-1124-13B-DPO,bias,LF-only,B_capture_2nd,0.0977572103015196,0.09722222222222222,0.0005349880792973744
OLMo-2-1124-13B-DPO,bias,LF-only,B_capture_1st,0.09863611093411843,0.09722222222222222,0.0014138887118962107
OLMo-2-1124-13B-DPO,bias,ST-only,B_capture_2nd,0.09362997821462377,0.09210526315789475,0.0015247150567290202
OLMo-2-1124-13B-DPO,bias,ST-only,B_capture_1st,0.09299837846897151,0.09210526315789475,0.0008931153110767615
OLMo-2-1124-13B-DPO,persona,LF-only,A_contrast,0.10091772613348862,0.1017048116457822,-0.0007870855122935755
OLMo-2-1124-13B-DPO,persona,ST-only,A_contrast,0.11892629044790372,0.12162261588676164,-0.0026963254388579216
OLMo-2-1124-13B-DPO,persona,LF-only,B_capture_2nd,0.0996537101304039,0.09861111111111111,0.0010425990192927947
OLMo-2-1124-13B-DPO,persona,LF-only,B_capture_1st,0.10424845158639881,0.09861111111111111,0.005637340475287703
OLMo-2-1124-13B-DPO,persona,ST-only,B_capture_2nd,0.09811600778000473,0.09861111111111111,-0.0004951033311063752
OLMo-2-1124-13B-DPO,persona,ST-only,B_capture_1st,0.097693238614334,0.09861111111111111,-0.0009178724967771057
Qwen1.5-32B-Chat,verse,LF-only,A_contrast,-0.025437665660140364,-0.02551827120986154,8.060554972117578e-05
Qwen1.5-32B-Chat,verse,ST-only,A_contrast,-0.023709543233702036,-0.0238750469182501,0.00016550368454806494
Qwen1.5-32B-Chat,verse,LF-only,B_capture_2nd,0.10149051872161767,0.10267857142857142,-0.0011880527069537544
Qwen1.5-32B-Chat,verse,LF-only,B_capture_1st,0.10323992817263518,0.10267857142857142,0.000561356744063754
Qwen1.5-32B-Chat,verse,ST-only,B_capture_2nd,0.08239851035946548,0.08214285714285714,0.00025565321660833695
Qwen1.5-32B-Chat,verse,ST-only,B_capture_1st,0.08188729637435505,0.08214285714285714,-0.0002555607685020972
Qwen1.5-32B-Chat,summarization,LF-only,A_contrast,-0.014496876439294227,-0.014319659690250695,-0.0001772167490435312
Qwen1.5-32B-Chat,summarization,ST-only,A_contrast,-0.05706578671234153,0.004206848988594382,-0.06127263570093591
Qwen1.5-32B-Chat,summarization,LF-only,B_capture_2nd,0.08929391198402614,0.09140625,-0.0021123380159738525
Qwen1.5-32B-Chat,summarization,LF-only,B_capture_1st,0.09339591913158074,0.09140625,0.0019896691315807458
Qwen1.5-32B-Chat,summarization,ST-only,B_capture_2nd,0.10943445772385424,0.08863636363636364,0.0207980940874906
Qwen1.5-32B-Chat,summarization,ST-only,B_capture_1st,0.1000076336503932,0.08863636363636364,0.011371270014029558
Qwen1.5-32B-Chat,bias,LF-only,A_contrast,0.05208564634043634,0.051283062008988016,0.0008025843314483222
Qwen1.5-32B-Chat,bias,ST-only,A_contrast,0.05775119925178632,0.05799108757669149,-0.0002398883249051728
Qwen1.5-32B-Chat,bias,LF-only,B_capture_2nd,0.09673117366809184,0.09666666666666666,6.450700142517085e-05
Qwen1.5-32B-Chat,bias,LF-only,B_capture_1st,0.09640796047945817,0.09666666666666666,-0.00025870618720849614
Qwen1.5-32B-Chat,bias,ST-only,B_capture_2nd,0.10097180163682776,0.1,0.0009718016368277516
Qwen1.5-32B-Chat,bias,ST-only,B_capture_1st,0.09980305451257475,0.1,-0.00019694548742525686
Qwen1.5-32B-Chat,factual recall,LF-only,A_contrast,-0.03460684695499337,-0.029318870420332415,-0.005287976534660958
Qwen1.5-32B-Chat,factual recall,ST-only,A_contrast,-0.035238209555662064,-0.0344473596545142,-0.0007908499011478679
Qwen1.5-32B-Chat,factual recall,LF-only,B_capture_2nd,0.09727703700587458,0.09655172413793103,0.0007253128679435422
Qwen1.5-32B-Chat,factual recall,LF-only,B_capture_1st,0.09811544861516049,0.09655172413793103,0.0015637244772294528
Qwen1.5-32B-Chat,factual recall,ST-only,B_capture_2nd,0.10436303487984734,0.1037037037037037,0.0006593311761436405
Qwen1.5-32B-Chat,factual recall,ST-only,B_capture_1st,0.10700203126503362,0.1037037037037037,0.0032983275613299168
Qwen1.5-32B-Chat,persona,LF-only,A_contrast,0.08563333876253373,0.08721225795505601,-0.001578919192522274
Qwen1.5-32B-Chat,persona,ST-only,A_contrast,0.14250215908512945,0.10139683214837698,0.041105326936752465
Qwen1.5-32B-Chat,persona,LF-only,B_capture_2nd,0.09878018921517924,0.1,-0.0012198107848207657
Qwen1.5-32B-Chat,persona,LF-only,B_capture_1st,0.10125077053628585,0.1,0.0012507705362858473
Qwen1.5-32B-Chat,persona,ST-only,B_capture_2nd,0.110817266754599,0.09310344827586207,0.01771381847873693
Qwen1.5-32B-Chat,persona,ST-only,B_capture_1st,0.09616484525131769,0.09310344827586207,0.003061396975455613
