model,task,arm,N,pr_frac,entropy,gini,top1_share,cap0.01,cap0.02,cap0.03,cap0.05,cap0.07,cap0.1,cap0.15,cap0.2,cap0.3,cap0.5
gemma-3-12b-it,bias,long,768,0.18568667739422348,0.821458866867334,0.7630165747671795,0.03690290038810056,0.14553526034862613,0.22370505057078893,0.29549213330674595,0.40235517583309444,0.49052941234308056,0.590179172553548,0.7038310865200187,0.7860281998637617,0.8928646050627927,0.9886084631878025
gemma-3-12b-it,bias,single,768,0.20402061067257196,0.8166620511354187,0.7739672626639256,0.023913053957239375,0.12914154190684282,0.2044713803583224,0.276951015413942,0.3886289778592022,0.4831491588483005,0.5878832460875789,0.7090708956493332,0.7976386939201706,0.9131190774190238,0.9999038114748846
gemma-3-12b-it,factual recall,long,768,0.21813587839376883,0.8231334840389757,0.7650433805622756,0.017990969606792757,0.1256154000913282,0.1995958098711099,0.26451366905798945,0.3687461437545116,0.4569401740843769,0.561900643885114,0.6931064155674496,0.7906556111628198,0.9096746681799258,0.9988200963502781
gemma-3-12b-it,factual recall,single,768,0.23174454634721195,0.8288798635302099,0.7557097852000572,0.016401764626355324,0.11284836596868994,0.18775110928724117,0.2546890568043126,0.3566875593615139,0.4460405452608779,0.550895232193431,0.6813518292267249,0.7741454263096818,0.8981400449097368,0.9989268144678445
gemma-3-12b-it,persona,long,768,0.1837521517897243,0.8245528366913611,0.7548712958903327,0.037408738491117643,0.1556405778470378,0.22886296120288657,0.2979743641993407,0.39510477392205917,0.474821692322772,0.5669202176830609,0.6853435876974938,0.7717794087674752,0.885900449467513,0.9884553566664066
gemma-3-12b-it,persona,single,768,0.22422513476643013,0.824559637026379,0.7625163014363188,0.019250609037077794,0.11634946621749101,0.19658490306198506,0.26225010290208906,0.36198823270977015,0.4508373844606803,0.5531787006703397,0.6853685320154662,0.7825273188313328,0.911075281247858,0.9995041974038884
gemma-3-12b-it,summarization,long,768,0.11151655955074737,0.7633926373510023,0.8319073221308075,0.047706379998372905,0.2239622910766643,0.335264834547166,0.4236297206535643,0.5311822414406538,0.6122189850554741,0.6998346659035506,0.7990019432260261,0.8663488985356514,0.9470142590219974,0.9999999999999998
gemma-3-12b-it,summarization,single,768,0.21468809192352858,0.8187590158581282,0.7713838552469077,0.021313050692668867,0.125879480844319,0.1970562552642367,0.2637142180869638,0.3647879540726853,0.4554622520379094,0.5673343881967253,0.7031171808115844,0.7995460681894586,0.9189439807773497,1.0000000000000002
gemma-3-12b-it,verse,long,768,0.19935577778345026,0.8230592534144965,0.7614200380060328,0.032513678074060595,0.13785044047277206,0.21040843459745803,0.2772196804420043,0.3756083593250357,0.4592409667558555,0.5570087708445552,0.6845265529211555,0.7839856520343474,0.9043506993101545,0.9964668526789966
gemma-3-12b-it,verse,single,768,0.20040921847629123,0.8090031960027748,0.7857846759945153,0.024448131466384748,0.12730927335965944,0.20043490183029003,0.2686864519051677,0.37893848013550596,0.476866887086824,0.5907934443936936,0.7250027405835624,0.8194258457033856,0.9373863245329618,1.0000000000000002
Qwen1.5-14B-Chat,bias,long,1600,0.1964635894625834,0.8284248174759629,0.7852528698685832,0.013233409103440183,0.12809674524538156,0.21581723896093014,0.2865904526619194,0.39864383190869335,0.4890944190584395,0.596677008814755,0.7261827233567845,0.8150541501958951,0.9297917781794007,1.0000000000000002
Qwen1.5-14B-Chat,bias,single,1600,0.24261361024143727,0.8501566338686112,0.7471304154603071,0.0096939809925926,0.10643901508810416,0.17921830065808994,0.23965507400580005,0.3408230007948959,0.42368626949571037,0.5284207832352851,0.663726275776701,0.762533184891407,0.8943756351760757,0.9990596742389974
Qwen1.5-14B-Chat,factual recall,long,1600,0.24861050834333764,0.8486321144744134,0.7512815517930578,0.008681769227078707,0.0938795567607112,0.1683962460969476,0.23278340190134195,0.33741741199914926,0.4251345698201381,0.5316571820171974,0.6689789379144303,0.7681549075898816,0.9040423206474804,0.9999126855891577
Qwen1.5-14B-Chat,factual recall,single,1600,0.2752766055382471,0.8594320122994961,0.7299154444311635,0.007117605476824278,0.08944323973564183,0.1531629056893685,0.20921937497612467,0.3057255202859726,0.38748885667280886,0.49223907317093285,0.6299349368046854,0.7384936537907925,0.8879335823049067,0.9975154140889295
Qwen1.5-14B-Chat,persona,long,1600,0.23650354602594287,0.8471128051272648,0.7545006438402326,0.007833164920754703,0.1062021893671109,0.18279788416473478,0.24635088053571275,0.35256599140913536,0.44056247639495905,0.5465030622787715,0.6772386238680258,0.7732775678068874,0.9015604569702623,0.9981696870388715
Qwen1.5-14B-Chat,persona,single,1600,0.23603445487563746,0.843916242689667,0.7610627609048957,0.00729861850106017,0.09922756999773949,0.1769486750481326,0.24343928386369623,0.35529839581036,0.44449834217496853,0.5536589280170197,0.6882243803762886,0.7842371762337993,0.9103267611112,0.9997054173977872
Qwen1.5-14B-Chat,summarization,long,1600,0.22685251213674756,0.8397000212620208,0.7669689882322224,0.011852161944391827,0.10540823599353329,0.18334738352298932,0.24975617589669732,0.3626001120581136,0.4499439868305374,0.5564177582412679,0.6915941817908493,0.7893475158892844,0.9198456656929592,0.9999999999999998
Qwen1.5-14B-Chat,summarization,single,1600,0.31051707815604795,0.8746905770241784,0.6965457903375578,0.0057003288748108125,0.0780544522922822,0.14092050684368487,0.19466021878944847,0.2845522756132695,0.3610679847679513,0.45719993584863405,0.5874707697915308,0.6918919853847539,0.8439516807304746,0.9879712095578139
Qwen1.5-14B-Chat,verse,long,1600,0.2161690243883056,0.8449252030941657,0.7551167681024928,0.014150733589029898,0.12576305681854147,0.20287260952480882,0.2684362668518353,0.36958328873719776,0.4511723761691583,0.552743628652237,0.6800833541550989,0.7733292722108722,0.8938628355898784,0.9974312921436391
Qwen1.5-14B-Chat,verse,single,1600,0.23309683352443497,0.8389663451686163,0.7674014598123615,0.010244222261561225,0.10316620553267829,0.17582989660235088,0.23865291276160314,0.3460353076000433,0.43519337757121157,0.5445350452257299,0.6879293468795464,0.7946993862244417,0.9270506470413502,0.9999999999999998
Falcon3-10B-Instruct,persona,long,480,0.29136957993481954,0.8407976754394778,0.7141895757155032,0.01979107236133174,0.08521185666286454,0.15103689789334787,0.1974305782569948,0.2939099463960597,0.37813576518761,0.48257523528082763,0.6210337060052873,0.719287892724548,0.8604896423655909,0.9942228701029254
Falcon3-10B-Instruct,persona,single,480,0.26269570616901505,0.8245743507879696,0.7436130270158183,0.02042533928183917,0.08884756817176448,0.16132834588082653,0.21165593403280308,0.3204841398248777,0.41136582729263765,0.516277228772335,0.6597612706972528,0.7625516241276059,0.8999230897997001,0.9992924376400552
Falcon3-10B-Instruct,summarization,long,480,0.25321985050658075,0.8253896806242846,0.7423440257794232,0.02380040805009089,0.09587837883832628,0.17406216248812428,0.23021017145096542,0.3397777377222906,0.42664991319621487,0.5251800237628194,0.6587782566206876,0.7594665381572484,0.8895241212772645,0.9959813600146593
Falcon3-10B-Instruct,summarization,single,480,0.25204928626131917,0.814925824328993,0.7564319737029748,0.02153471963718625,0.09549590097564098,0.16971684581376853,0.2167943414892928,0.3213980092839206,0.4141847389170082,0.5257155069973978,0.6702038083484715,0.7786317802589613,0.9189354270273165,1.0
Falcon3-10B-Instruct,verse,long,480,0.2406804535414407,0.8162370308558055,0.7579198646865839,0.020750200836218327,0.09458905045709702,0.17575261981852267,0.23329956349411854,0.3553226878965996,0.44584297478665025,0.5495426527795935,0.6851987821493495,0.7824207851007863,0.9078101119209824,0.9982329603826868
Falcon3-10B-Instruct,verse,single,480,0.2247167409638707,0.7989607335174739,0.7799425829010833,0.028324960479831608,0.10717609275365393,0.18528416432375755,0.23983991028237484,0.35166618872394145,0.4468448705772634,0.5603880320799605,0.7110910560314577,0.8203755986363607,0.9433158442476546,1.0000000000000002
OLMo-2-1124-13B-DPO,bias,long,1600,0.22945175630637596,0.8481169781427589,0.7524377665245572,0.011349295883857819,0.10845278997055158,0.18516938645040457,0.24999621837567593,0.359195855920747,0.4483397347707122,0.5600349093801558,0.6881597679206629,0.7748387535883237,0.8897974952151914,0.994389030037778
OLMo-2-1124-13B-DPO,bias,single,1600,0.2502712473930474,0.8510135219918838,0.7439869643011507,0.007946775245617436,0.10011459065461562,0.17506786904400862,0.23918886337872203,0.3386734071060082,0.4213799558308127,0.5206510872165571,0.6509025346705243,0.7512802281764083,0.8930146900535263,0.9999984050418068
OLMo-2-1124-13B-DPO,persona,long,1600,0.21587833113985405,0.8410792798292851,0.7668512166607138,0.009055987758259885,0.11385342847988622,0.19927092571877,0.2689945356372191,0.38064215668886925,0.4719676885941918,0.5785367594704677,0.7091340108707471,0.7992363187980295,0.9068063825833932,0.9934422300124467
OLMo-2-1124-13B-DPO,persona,single,1600,0.23451037989693715,0.8426584574239276,0.7640024373258283,0.007619037457819076,0.09957307875471166,0.17457551102481267,0.23943042316254182,0.3526052526153438,0.4455058805752823,0.5576172092055037,0.6965695051684364,0.7933660355689989,0.9140741434690861,0.9997386052709958
OLMo-2-1124-13B-DPO,summarization,long,1600,0.17012704738822276,0.8163143622887787,0.8035295056056606,0.01876162116975113,0.14556650041631303,0.24056506602559583,0.3139349106822546,0.4318160922088054,0.5238787954981362,0.632254066796919,0.7600975333898994,0.8434170309238199,0.9425842197878042,1.0
OLMo-2-1124-13B-DPO,summarization,single,1600,0.2925190765133404,0.8685728880472211,0.7114656160874147,0.00625652103212203,0.08078897516378666,0.1476714255978929,0.20505354451554558,0.29885133493944765,0.37786440070050925,0.47851623847478114,0.6139218536303533,0.7180963455796526,0.8595877501233522,0.9898747707769584
OLMo-2-1124-13B-DPO,verse,long,1600,0.2619547231855574,0.8582279177087914,0.7344400515801366,0.007454062886625544,0.09374196671258427,0.1640017787981134,0.2246343845028794,0.32623772617386615,0.4110490666193412,0.5156707247580832,0.649732612956859,0.7496678122503216,0.8826884385340078,0.9926174438071401
OLMo-2-1124-13B-DPO,verse,single,1600,0.27148073875672,0.8596241886553633,0.728864452568686,0.007467960764638557,0.08776122185292441,0.15487896791011796,0.21515876953815113,0.31847559631604433,0.4014832089990565,0.5045760572201229,0.6341695926011672,0.7333489220506253,0.8775092335720746,0.997503477889862
Qwen1.5-32B-Chat,bias,long,2560,0.2841066233719959,0.8760459578495374,0.7113915839731999,0.005821134805092284,0.08865116723418937,0.15482260956680433,0.2132009615190253,0.3074864787272312,0.38755117912224707,0.48671499753028175,0.6167680939476629,0.7153856088171346,0.8539092347753171,0.9886285742311411
Qwen1.5-32B-Chat,bias,single,2560,0.2368738490381944,0.85417475180296,0.7581038048802025,0.008129827594383427,0.10189261353893875,0.1729006979991231,0.23870465152964043,0.3471787229098591,0.4352522309355662,0.542046679751514,0.6786271678057667,0.7792675570413874,0.9111222077257233,0.9999358962705565
Qwen1.5-32B-Chat,factual recall,long,2560,0.2576801700841904,0.8623556952900152,0.7421817217279769,0.004355369629322518,0.0919456778795799,0.16413444489724613,0.22689943473473903,0.3300729381299906,0.41630612998271904,0.5255070861210128,0.6588190840404425,0.7578525294034636,0.8894464208728042,0.998805306532847
Qwen1.5-32B-Chat,factual recall,single,2560,0.22638688423420308,0.8520709964238694,0.7611610132014679,0.007178379061568318,0.11389461048890477,0.1875651570807818,0.2525429979943302,0.35769027000384823,0.4429879793033912,0.5475833290980646,0.6800626066304407,0.7803973368305357,0.9138418522826472,0.9996248212917125
Qwen1.5-32B-Chat,persona,long,2560,0.25654028994357264,0.8648035997667533,0.7371737073098463,0.004894706443649773,0.09832514058064676,0.16837250829463735,0.22938556607741428,0.3313959172228743,0.4175334597036282,0.5209530910018723,0.6518138295005335,0.7502735102572307,0.8831153557882048,0.9952885533036199
Qwen1.5-32B-Chat,persona,single,2560,0.21896788324558508,0.845814549832857,0.7745766593292243,0.007911627317707125,0.11122427921169818,0.18882171695771915,0.2560205230894039,0.3681984870150689,0.4568657374624466,0.5666846701611649,0.7057332694963948,0.8052902443002482,0.9296545310159059,1.0
Qwen1.5-32B-Chat,summarization,long,2560,0.2093579921442319,0.8452657382716678,0.7737101803038469,0.007551642294115902,0.1213211519613689,0.20478222837749388,0.2759705615165449,0.384074624026966,0.47098030936977797,0.5757621003728606,0.7057162063506793,0.7980299108373969,0.918563202654613,1.0000000000000002
Qwen1.5-32B-Chat,summarization,single,2560,0.2201089357791947,0.8470620109533494,0.7706689550059442,0.007657387764089877,0.11433366938202386,0.18962817540820723,0.2555043258120809,0.36157078636134415,0.44987294666464284,0.557113962146641,0.6960736558179854,0.7976504133907353,0.9262620737934697,0.9999999999999999
Qwen1.5-32B-Chat,verse,long,2560,0.26448658124486735,0.8709649036234793,0.7204430928238066,0.005278694743405812,0.10500843996016192,0.17411584222389315,0.23022569888373104,0.32361833668360307,0.402495814162882,0.4973903762823333,0.6217914874225122,0.7210150148321016,0.8629687682595223,0.9924606643844309
Qwen1.5-32B-Chat,verse,single,2560,0.22999927533379894,0.8510068574877206,0.7612868074959509,0.007194026072906011,0.1130296191025298,0.18589690800710906,0.2511211087657354,0.35339490474221114,0.4381946271610928,0.541245591773317,0.6753259237815983,0.77684731070764,0.9162379483789314,1.0000000000000002
