model,task,margin,topk,arm,n_units,baseline,d_ablate,d_control,control_sd,excess
gemma-3-12b-it,verse,long,0.05,long,38,3.1488235130906106,-1.691197443008423,-0.8278110290567081,0.15563095605718114,-0.8633864139517148
gemma-3-12b-it,verse,long,0.05,single,38,3.1488235130906106,-0.033296357840299606,-0.33140028193593035,0.06483601558304046,0.29810392409563075
gemma-3-12b-it,verse,long,0.1,long,76,3.1488235130906106,-2.0301853314042093,-1.805953552822272,0.19639140392228224,-0.2242317785819372
gemma-3-12b-it,verse,long,0.1,single,76,3.1488235130906106,-0.45797799229621905,-1.081805144250393,0.09023381385330474,0.623827151954174
gemma-3-12b-it,verse,long,0.2,long,153,3.1488235130906106,-3.179892157018185,-2.1916306803623837,0.37685124913656876,-0.9882614766558011
gemma-3-12b-it,verse,long,0.2,single,153,3.1488235130906106,-1.099751131236553,-1.9438342665632566,0.4385496531582243,0.8440831353267035
gemma-3-12b-it,verse,long,0.3,long,230,3.1488235130906106,-4.079180209338665,-3.5186745847264924,0.13719409084838205,-0.5605056246121722
gemma-3-12b-it,verse,long,0.3,single,230,3.1488235130906106,-1.277650061249733,-2.327865189810594,0.14734040081301034,1.050215128560861
gemma-3-12b-it,verse,long,0.5,long,384,3.1488235130906106,-5.017835034430027,-4.40304622600476,0.6465238043140491,-0.6147888084252671
gemma-3-12b-it,verse,long,0.5,single,384,3.1488235130906106,-3.5652334943413737,-3.589368518690268,0.6121739764853652,0.024135024348894252
gemma-3-12b-it,summarization,long,0.05,long,38,2.707076061517,-0.9702734306454659,-0.43152541145682327,0.14245535817777563,-0.5387480191886427
gemma-3-12b-it,summarization,long,0.05,single,38,2.707076061517,-0.20385655015707016,-0.3904997769743203,0.07398404008427523,0.18664322681725015
gemma-3-12b-it,summarization,long,0.1,long,76,2.707076061517,-1.1806864738464355,-0.8278978506724041,0.2501174547554214,-0.3527886231740315
gemma-3-12b-it,summarization,long,0.1,single,76,2.707076061517,-0.8379069708287716,-0.5693749902149042,0.15310174822038136,-0.2685319806138674
gemma-3-12b-it,summarization,long,0.2,long,153,2.707076061517,-1.3985864035785198,-1.1547819284101326,0.2414988545818981,-0.2438044751683872
gemma-3-12b-it,summarization,long,0.2,single,153,2.707076061517,-1.37138105109334,-1.1094566461940605,0.14977781077666918,-0.2619244048992795
gemma-3-12b-it,summarization,long,0.3,long,230,2.707076061517,-1.736566176265478,-1.7570541736980279,0.14015455562893894,0.02048799743254981
gemma-3-12b-it,summarization,long,0.3,single,230,2.707076061517,-1.5320849396288394,-1.2191530344386896,0.17673712581153425,-0.3129319051901498
gemma-3-12b-it,summarization,long,0.5,long,384,2.707076061517,-2.804689044505358,-2.73263620013992,0.23269525966138577,-0.0720528443654378
gemma-3-12b-it,summarization,long,0.5,single,384,2.707076061517,-1.8127382226288318,-2.229067443559567,0.19864426659863144,0.4163292209307352
gemma-3-12b-it,bias,long,0.05,long,38,0.5839208498597145,-0.15803207457065582,-0.061032850046952546,0.011506467081517396,-0.09699922452370327
gemma-3-12b-it,bias,long,0.05,single,38,0.5839208498597145,-0.032265618443489075,-0.05663652320702869,0.034809540136481396,0.024370904763539612
gemma-3-12b-it,bias,long,0.1,long,76,0.5839208498597145,-0.20511041730642315,-0.1227682148416837,0.044861246902106564,-0.08234220246473946
gemma-3-12b-it,bias,long,0.1,single,76,0.5839208498597145,-0.0700416669249534,-0.056015343467394486,0.014648355059961055,-0.014026323457558908
gemma-3-12b-it,bias,long,0.2,long,153,0.5839208498597145,-0.2567566767334938,-0.16994865884383517,0.061078237526298845,-0.08680801788965861
gemma-3-12b-it,bias,long,0.2,single,153,0.5839208498597145,-0.12877459973096844,-0.11534063220024106,0.02572950999482551,-0.013433967530727384
gemma-3-12b-it,bias,long,0.3,long,230,0.5839208498597145,-0.33123499304056164,-0.2768779839078585,0.04380465760234311,-0.05435700913270314
gemma-3-12b-it,bias,long,0.3,single,230,0.5839208498597145,-0.21289758235216139,-0.19238190104564032,0.0435697151486082,-0.020515681306521066
gemma-3-12b-it,bias,long,0.5,long,384,0.5839208498597145,-0.4411126866936683,-0.35054956823587413,0.0608591659287551,-0.09056311845779419
gemma-3-12b-it,bias,long,0.5,single,384,0.5839208498597145,-0.24992401152849197,-0.32755217601855596,0.10487136446061798,0.07762816449006399
gemma-3-12b-it,factual recall,long,0.05,long,38,1.8389076352119447,-0.4539411395788193,-0.5924442847569785,0.06373654372573204,0.1385031451781592
gemma-3-12b-it,factual recall,long,0.05,single,38,1.8389076352119447,-0.39587461203336716,-0.2734042202432951,0.23497273479525968,-0.12247039179007208
gemma-3-12b-it,factual recall,long,0.1,long,76,1.8389076352119447,-1.1043389335274698,-1.1072166671355568,0.17266897133572826,0.002877733608086963
gemma-3-12b-it,factual recall,long,0.1,single,76,1.8389076352119447,-1.3139485746622086,-0.6127695947885515,0.12509718543287388,-0.7011789798736571
gemma-3-12b-it,factual recall,long,0.2,long,153,1.8389076352119447,-1.7651143848896027,-1.6830729444821675,0.08419351522250178,-0.08204144040743522
gemma-3-12b-it,factual recall,long,0.2,single,153,1.8389076352119447,-2.0293181896209718,-1.8387532805403073,0.7642162757559842,-0.19056490908066448
gemma-3-12b-it,factual recall,long,0.3,long,230,1.8389076352119447,-2.671060490608215,-2.5684107770522435,0.21298572592556103,-0.10264971355597163
gemma-3-12b-it,factual recall,long,0.3,single,230,1.8389076352119447,-2.8988018542528153,-2.2072585021456086,0.2782046612913103,-0.6915433521072067
gemma-3-12b-it,factual recall,long,0.5,long,384,1.8389076352119447,-2.483623522520065,-2.7988727152347566,0.2212619919017234,0.31524919271469143
gemma-3-12b-it,factual recall,long,0.5,single,384,1.8389076352119447,-2.762557858228684,-2.9295158873001736,0.3570842398997103,0.16695802907148982
gemma-3-12b-it,persona,long,0.05,long,38,1.728166614472866,0.08096329569816585,-0.007757813235123923,0.09583186266861864,0.08872110893328977
gemma-3-12b-it,persona,long,0.05,single,38,1.728166614472866,0.005813129246234894,-0.10333267947038009,0.060615997551468424,0.10914580871661499
gemma-3-12b-it,persona,long,0.1,long,76,1.728166614472866,-0.2901434823870659,-0.35653235713640846,0.1391047751379276,0.06638887474934257
gemma-3-12b-it,persona,long,0.1,single,76,1.728166614472866,-0.2783231571316718,-0.31599819560845693,0.13490586878449018,0.03767503847678516
gemma-3-12b-it,persona,long,0.2,long,153,1.728166614472866,-0.6341809615492819,-0.7913783028721809,0.13338696351784718,0.15719734132289898
gemma-3-12b-it,persona,long,0.2,single,153,1.728166614472866,-0.3642913118004798,-0.6925238107641537,0.030353283055261908,0.3282324989636739
gemma-3-12b-it,persona,long,0.3,long,230,1.728166614472866,-0.9501559898257255,-0.7333719427386919,0.07884903513373209,-0.21678404708703358
gemma-3-12b-it,persona,long,0.3,single,230,1.728166614472866,-0.3568475082516669,-0.7432027255495389,0.14445450060727463,0.38635521729787203
gemma-3-12b-it,persona,long,0.5,long,384,1.728166614472866,-1.1387094482779503,-1.0959037388364474,0.11756044232867086,-0.04280570944150286
gemma-3-12b-it,persona,long,0.5,single,384,1.728166614472866,-1.3883428797125816,-0.9844345405697821,0.10109048075519911,-0.40390833914279956
Qwen1.5-14B-Chat,verse,long,0.05,long,80,1.4063274271786212,-0.1720634661614895,-0.3853819149235884,0.04130631416091602,0.21331844876209893
Qwen1.5-14B-Chat,verse,long,0.05,single,80,1.4063274271786212,-0.327247004956007,-0.3918877122302849,0.02550123514393556,0.0646407072742779
Qwen1.5-14B-Chat,verse,long,0.1,long,160,1.4063274271786212,-0.4648868925869465,-0.850607999910911,0.09007499757031313,0.3857211073239645
Qwen1.5-14B-Chat,verse,long,0.1,single,160,1.4063274271786212,-0.7015448398888111,-0.7411734811961651,0.020349504782845734,0.039628641307353996
Qwen1.5-14B-Chat,verse,long,0.2,long,320,1.4063274271786212,-0.9780821062624454,-1.366468231131633,0.13361481057485225,0.38838612486918755
Qwen1.5-14B-Chat,verse,long,0.2,single,320,1.4063274271786212,-1.0933484189212321,-1.1313526945809522,0.015164360004387721,0.03800427565972009
Qwen1.5-14B-Chat,verse,long,0.3,long,480,1.4063274271786212,-1.3459894753992556,-1.6158473131557305,0.032472017682613624,0.26985783775647487
Qwen1.5-14B-Chat,verse,long,0.3,single,480,1.4063274271786212,-1.3428086258471013,-1.3861935026943684,0.06057435588922193,0.043384876847267106
Qwen1.5-14B-Chat,verse,long,0.5,long,800,1.4063274271786212,-1.8290965892374516,-2.0370848265786967,0.06834189965412812,0.20798823734124516
Qwen1.5-14B-Chat,verse,long,0.5,single,800,1.4063274271786212,-1.8380017377436162,-1.7809235480924446,0.0615150725116313,-0.05707818965117162
Qwen1.5-14B-Chat,summarization,long,0.05,long,80,0.8996077485382556,-0.15703418105840683,-0.16619590545694027,0.021270550779631484,0.009161724398533438
Qwen1.5-14B-Chat,summarization,long,0.05,single,80,0.8996077485382556,-0.03004047870635984,-0.10708365291357036,0.031331183540476704,0.07704317420721052
Qwen1.5-14B-Chat,summarization,long,0.1,long,160,0.8996077485382556,-0.29966532513499256,-0.30868240147829057,0.007246710778551012,0.009017076343298014
Qwen1.5-14B-Chat,summarization,long,0.1,single,160,0.8996077485382556,-0.1639602363109588,-0.21062216386198993,0.030532037536378988,0.04666192755103113
Qwen1.5-14B-Chat,summarization,long,0.2,long,320,0.8996077485382556,-0.5296005271375179,-0.5877856281896432,0.020028275859619186,0.058185101052125265
Qwen1.5-14B-Chat,summarization,long,0.2,single,320,0.8996077485382556,-0.3676262751221656,-0.34787043904264764,0.0036677912740234442,-0.019755836079517974
Qwen1.5-14B-Chat,summarization,long,0.3,long,480,0.8996077485382556,-0.6654542483389377,-0.7475765826801458,0.018161583396984395,0.08212233434120808
Qwen1.5-14B-Chat,summarization,long,0.3,single,480,0.8996077485382556,-0.5090344183146953,-0.4728911814590295,0.04353195380593012,-0.03614323685566584
Qwen1.5-14B-Chat,summarization,long,0.5,long,800,0.8996077485382556,-0.9213778771460056,-0.8738131773968537,0.027854110813796348,-0.047564699749151895
Qwen1.5-14B-Chat,summarization,long,0.5,single,800,0.8996077485382556,-0.713427772372961,-0.7176412266989548,0.033191111682848,0.004213454325993848
Qwen1.5-14B-Chat,bias,long,0.05,long,80,0.8285903349518776,-0.2730630069971085,-0.11853440155585608,0.008363953438860835,-0.1545286054412524
Qwen1.5-14B-Chat,bias,long,0.05,single,80,0.8285903349518776,-0.08323623538017277,-0.11753751685221991,0.010222754188962775,0.03430128147204714
Qwen1.5-14B-Chat,bias,long,0.1,long,160,0.8285903349518776,-0.41285092383623123,-0.22856538593769074,0.026810708777467246,-0.1842855378985405
Qwen1.5-14B-Chat,bias,long,0.1,single,160,0.8285903349518776,-0.12615565210580826,-0.16010398417711258,0.00824658392054724,0.03394833207130432
Qwen1.5-14B-Chat,bias,long,0.2,long,320,0.8285903349518776,-0.5208433866500854,-0.3450873956084252,0.0017264435844287415,-0.17575599104166023
Qwen1.5-14B-Chat,bias,long,0.2,single,320,0.8285903349518776,-0.1977077215909958,-0.27659966945648196,0.02153023177712092,0.07889194786548615
Qwen1.5-14B-Chat,bias,long,0.3,long,480,0.8285903349518776,-0.5635188519954681,-0.40638335694869365,0.013151753987530547,-0.1571354950467745
Qwen1.5-14B-Chat,bias,long,0.3,single,480,0.8285903349518776,-0.28062999844551084,-0.32625984897216165,0.012314524899540233,0.045629850526650806
Qwen1.5-14B-Chat,bias,long,0.5,long,800,0.8285903349518776,-0.5856257990002632,-0.5418875987331072,0.009144269698874387,-0.043738200267156024
Qwen1.5-14B-Chat,bias,long,0.5,single,800,0.8285903349518776,-0.3872903361916542,-0.421531754732132,0.025562958992388893,0.0342414185404778
Qwen1.5-14B-Chat,factual recall,long,0.05,long,80,0.8179688800126315,-0.2249364115297795,-0.42509202224512904,0.02628530337745275,0.20015561071534954
Qwen1.5-14B-Chat,factual recall,long,0.05,single,80,0.8179688800126315,-0.22949490994215016,-0.2557413036624591,0.018535239810621575,0.026246393720308958
Qwen1.5-14B-Chat,factual recall,long,0.1,long,160,0.8179688800126315,-0.5526178192347289,-0.6703754134476186,0.13845887852587385,0.11775759421288978
Qwen1.5-14B-Chat,factual recall,long,0.1,single,160,0.8179688800126315,-0.4596569705754519,-0.5201371236393849,0.013206204668324487,0.060480153063933006
Qwen1.5-14B-Chat,factual recall,long,0.2,long,320,0.8179688800126315,-0.8283833230845631,-1.0373345013552655,0.05081651646026094,0.20895117827070242
Qwen1.5-14B-Chat,factual recall,long,0.2,single,320,0.8179688800126315,-0.7843322963453829,-0.8440276951839527,0.07774133665248831,0.05969539883856978
Qwen1.5-14B-Chat,factual recall,long,0.3,long,480,0.8179688800126315,-0.9197183767333628,-1.1958127675267558,0.055242251451383756,0.27609439079339304
Qwen1.5-14B-Chat,factual recall,long,0.3,single,480,0.8179688800126315,-0.917156151868403,-1.0036994714289904,0.061006064745091765,0.08654331956058736
Qwen1.5-14B-Chat,factual recall,long,0.5,long,800,0.8179688800126315,-1.1599234234541655,-1.3539993431419137,0.037411672908577165,0.19407591968774818
Qwen1.5-14B-Chat,factual recall,long,0.5,single,800,0.8179688800126315,-1.1925662208348513,-1.2177947493890922,0.05533282925256377,0.025228528554240848
Qwen1.5-14B-Chat,persona,long,0.05,long,80,0.5293591439723968,-0.021089532971382052,-0.03548997764786079,0.021238798407154903,0.01440044467647874
Qwen1.5-14B-Chat,persona,long,0.05,single,80,0.5293591439723968,-0.020439389348030024,-0.042976633210976854,0.04095529582534274,0.02253724386294683
Qwen1.5-14B-Chat,persona,long,0.1,long,160,0.5293591439723968,-0.038261044025421076,-0.06334427172938976,0.02629560665160231,0.02508322770396869
Qwen1.5-14B-Chat,persona,long,0.1,single,160,0.5293591439723968,-0.08778729438781735,-0.10796739608049388,0.02531293996093167,0.020180101692676533
Qwen1.5-14B-Chat,persona,long,0.2,long,320,0.5293591439723968,-0.140530315041542,-0.1281786774595578,0.02063626654857685,-0.01235163758198421
Qwen1.5-14B-Chat,persona,long,0.2,single,320,0.5293591439723968,-0.17406544685363767,-0.16785774081945415,0.03975198264549619,-0.006207706034183524
Qwen1.5-14B-Chat,persona,long,0.3,long,480,0.5293591439723968,-0.1695790290832519,-0.19540794740120568,0.02216443699153307,0.02582891831795378
Qwen1.5-14B-Chat,persona,long,0.3,single,480,0.5293591439723968,-0.21937339752912516,-0.19637741893529884,0.024702308153201697,-0.02299597859382632
Qwen1.5-14B-Chat,persona,long,0.5,long,800,0.5293591439723968,-0.23909489512443538,-0.22623327970504756,0.020547340789472592,-0.012861615419387823
Qwen1.5-14B-Chat,persona,long,0.5,single,800,0.5293591439723968,-0.2551142886281013,-0.28578052620093025,0.02649249634011522,0.030666237572828936
Qwen1.5-32B-Chat,verse,long,0.05,long,128,1.1541448034346105,-0.3258651815354825,-0.3971889379123848,0.03748609073676263,0.0713237563769023
Qwen1.5-32B-Chat,verse,long,0.05,single,128,1.1541448034346105,-0.35159987434744844,-0.4097709792355697,0.04143259514542055,0.05817110488812127
Qwen1.5-32B-Chat,verse,long,0.1,long,256,1.1541448034346105,-0.4884831182658673,-0.6527761054535707,0.06995668996728525,0.16429298718770335
Qwen1.5-32B-Chat,verse,long,0.1,single,256,1.1541448034346105,-0.5512952886521817,-0.5781654872000218,0.05341227049726399,0.02687019854784012
Qwen1.5-32B-Chat,verse,long,0.2,long,512,1.1541448034346105,-0.8352824665606022,-1.0437690916160742,0.04581758393653994,0.208486625055472
Qwen1.5-32B-Chat,verse,long,0.2,single,512,1.1541448034346105,-0.8208231888711454,-0.9110319010913374,0.015097387950497677,0.090208712220192
Qwen1.5-32B-Chat,verse,long,0.3,long,768,1.1541448034346105,-1.21169488504529,-1.4037483123441536,0.023021556647372262,0.19205342729886365
Qwen1.5-32B-Chat,verse,long,0.3,single,768,1.1541448034346105,-1.0630447007715702,-1.1445293488601844,0.008737000027316288,0.08148464808861422
Qwen1.5-32B-Chat,verse,long,0.5,long,1280,1.1541448034346105,-1.5141956873238087,-1.8238440183301767,0.027223936774425438,0.309648331006368
Qwen1.5-32B-Chat,verse,long,0.5,single,1280,1.1541448034346105,-1.4677722312510015,-1.5358929025630157,0.0992136842750364,0.06812067131201416
Qwen1.5-32B-Chat,summarization,long,0.05,long,128,1.0683939076960087,-0.34768303185701377,-0.2738473563144605,0.037967082543822306,-0.07383567554255327
Qwen1.5-32B-Chat,summarization,long,0.05,single,128,1.0683939076960087,-0.19699584618210797,-0.1570924617350102,0.026779113719100172,-0.03990338444709776
Qwen1.5-32B-Chat,summarization,long,0.1,long,256,1.0683939076960087,-0.5093581452965736,-0.450475653509299,0.05909444423568057,-0.058882491787274616
Qwen1.5-32B-Chat,summarization,long,0.1,single,256,1.0683939076960087,-0.2530241645872593,-0.27549636438488967,0.05060639438621447,0.022472199797630377
Qwen1.5-32B-Chat,summarization,long,0.2,long,512,1.0683939076960087,-0.7306277178227902,-0.7093422253926596,0.07822488440849097,-0.02128549243013067
Qwen1.5-32B-Chat,summarization,long,0.2,single,512,1.0683939076960087,-0.4750180862843991,-0.43885667050878213,0.023325233585818537,-0.03616141577561699
Qwen1.5-32B-Chat,summarization,long,0.3,long,768,1.0683939076960087,-0.8740853063762188,-0.9238532188038032,0.0227648213785377,0.04976791242758438
Qwen1.5-32B-Chat,summarization,long,0.3,single,768,1.0683939076960087,-0.6360330604016782,-0.5182982708017031,0.07184947559262882,-0.11773478959997508
Qwen1.5-32B-Chat,summarization,long,0.5,long,1280,1.0683939076960087,-1.0054304637014866,-1.0293562891582648,0.07077939948467267,0.023925825456778238
Qwen1.5-32B-Chat,summarization,long,0.5,single,1280,1.0683939076960087,-0.8397637881338597,-0.7070599518716335,0.05874035560387905,-0.13270383626222615
Qwen1.5-32B-Chat,bias,long,0.05,long,128,0.6171128347516059,-0.1729636989533901,-0.0730023302137851,0.0027768382754714696,-0.09996136873960498
Qwen1.5-32B-Chat,bias,long,0.05,single,128,0.6171128347516059,-0.02594777494668954,-0.025578156858682588,0.016110710558692964,-0.00036961808800695106
Qwen1.5-32B-Chat,bias,long,0.1,long,256,0.6171128347516059,-0.2616235472261905,-0.14667664865652716,0.0012293470521896044,-0.11494689856966336
Qwen1.5-32B-Chat,bias,long,0.1,single,256,0.6171128347516059,-0.07341702952980989,-0.08669214397668834,0.014606687550506944,0.013275114446878455
Qwen1.5-32B-Chat,bias,long,0.2,long,512,0.6171128347516059,-0.3485704123973846,-0.24064867869019504,0.0035944911323171663,-0.10792173370718958
Qwen1.5-32B-Chat,bias,long,0.2,single,512,0.6171128347516059,-0.14393887296319002,-0.17126030946771298,0.02204098642349013,0.027321436504522956
Qwen1.5-32B-Chat,bias,long,0.3,long,768,0.6171128347516059,-0.38051934093236917,-0.3243656029303868,0.0020529734435983733,-0.05615373800198237
Qwen1.5-32B-Chat,bias,long,0.3,single,768,0.6171128347516059,-0.2107650145888328,-0.23651453355948124,0.015355734616772336,0.02574951897064845
Qwen1.5-32B-Chat,bias,long,0.5,long,1280,0.6171128347516059,-0.43178918510675424,-0.3859852269291877,0.0032040281591377614,-0.04580395817756655
Qwen1.5-32B-Chat,bias,long,0.5,single,1280,0.6171128347516059,-0.31822777241468425,-0.3531140610575676,0.007184864455308536,0.034886288642883345
Qwen1.5-32B-Chat,factual recall,long,0.05,long,128,0.7547299327514339,-0.21704976123401143,-0.20403699095974545,0.048905975869693585,-0.013012770274265978
Qwen1.5-32B-Chat,factual recall,long,0.05,single,128,0.7547299327514339,-0.219390634359661,-0.23278091199087314,0.04815219997245181,0.013390277631212144
Qwen1.5-32B-Chat,factual recall,long,0.1,long,256,0.7547299327514339,-0.3698817319422233,-0.5337447141172258,0.10864894942520399,0.1638629821750025
Qwen1.5-32B-Chat,factual recall,long,0.1,single,256,0.7547299327514339,-0.3508891976507585,-0.4835448515127307,0.06217976507368385,0.1326556538619722
Qwen1.5-32B-Chat,factual recall,long,0.2,long,512,0.7547299327514339,-0.4989942787400651,-0.7402952062675467,0.06185629165869503,0.24130092752748167
Qwen1.5-32B-Chat,factual recall,long,0.2,single,512,0.7547299327514339,-0.8670404399872496,-0.8334584845648351,0.05899562450135016,-0.03358195542241449
Qwen1.5-32B-Chat,factual recall,long,0.3,long,768,0.7547299327514339,-0.5475550042650866,-0.9018749656564372,0.036179445296133615,0.3543199613913506
Qwen1.5-32B-Chat,factual recall,long,0.3,single,768,0.7547299327514339,-1.0917955497116054,-1.0504926298329036,0.04978200398997522,-0.04130291987870183
Qwen1.5-32B-Chat,factual recall,long,0.5,long,1280,0.7547299327514339,-0.5879775179735589,-0.929473622128838,0.07257626370162026,0.3414961041552791
Qwen1.5-32B-Chat,factual recall,long,0.5,single,1280,0.7547299327514339,-1.0218193553573656,-1.134028476099411,0.1299281012916528,0.11220912074204548
Qwen1.5-32B-Chat,persona,long,0.05,long,128,0.687586446851492,-0.051254115998744965,-0.09737952003876367,0.011020531552439384,0.046125404040018705
Qwen1.5-32B-Chat,persona,long,0.05,single,128,0.687586446851492,-0.039415566623210885,-0.08684911926587428,0.020385675903916527,0.0474335526426634
Qwen1.5-32B-Chat,persona,long,0.1,long,256,0.687586446851492,-0.11403000727295876,-0.2007917354504268,0.029403438204292188,0.08676172817746805
Qwen1.5-32B-Chat,persona,long,0.1,single,256,0.687586446851492,-0.14821653217077257,-0.11954368601242704,0.021285581732460646,-0.028672846158345533
Qwen1.5-32B-Chat,persona,long,0.2,long,512,0.687586446851492,-0.2544373758137226,-0.2816883869469166,0.0567349866901584,0.027251011133194003
Qwen1.5-32B-Chat,persona,long,0.2,single,512,0.687586446851492,-0.2606099344789982,-0.23447873666882516,0.011059462257344863,-0.026131197810173062
Qwen1.5-32B-Chat,persona,long,0.3,long,768,0.687586446851492,-0.32875189259648324,-0.38900611922144895,0.037259165537993785,0.06025422662496571
Qwen1.5-32B-Chat,persona,long,0.3,single,768,0.687586446851492,-0.2625023923814297,-0.2880392976105213,0.02698850676373815,0.025536905229091633
Qwen1.5-32B-Chat,persona,long,0.5,long,1280,0.687586446851492,-0.41590266153216365,-0.4817539257307848,0.042378238014810596,0.06585126419862114
Qwen1.5-32B-Chat,persona,long,0.5,single,1280,0.687586446851492,-0.349633414298296,-0.3633385049800078,0.03381551920971584,0.013705090681711829
OLMo-2-1124-13B-DPO,verse,long,0.05,long,80,0.23169051855802536,-0.026992453634738928,-0.13785521189371744,0.021285780530394288,0.11086275825897851
OLMo-2-1124-13B-DPO,verse,long,0.05,single,80,0.23169051855802536,-0.19144812524318694,-0.10513438334067664,0.026157118791281343,-0.0863137419025103
OLMo-2-1124-13B-DPO,verse,long,0.1,long,160,0.23169051855802536,-0.1068522348999977,-0.21644053806861244,0.04242702572957833,0.10958830316861473
OLMo-2-1124-13B-DPO,verse,long,0.1,single,160,0.23169051855802536,-0.28084147721529007,-0.17769340723752977,0.008070649042543098,-0.1031480699777603
OLMo-2-1124-13B-DPO,verse,long,0.2,long,320,0.23169051855802536,-0.17509697526693344,-0.4013789465030035,0.04912532805991847,0.22628197123607005
OLMo-2-1124-13B-DPO,verse,long,0.2,single,320,0.23169051855802536,-0.44441817700862885,-0.31959124803543093,0.058246261554569724,-0.12482692897319791
OLMo-2-1124-13B-DPO,verse,long,0.3,long,480,0.23169051855802536,-0.3344414606690407,-0.6527939245104789,0.07021478144483151,0.3183524638414382
OLMo-2-1124-13B-DPO,verse,long,0.3,single,480,0.23169051855802536,-0.5713032856583595,-0.39472239414850874,0.04814864629214952,-0.1765808915098508
OLMo-2-1124-13B-DPO,verse,long,0.5,long,800,0.23169051855802536,-0.8492498353123665,-1.0452097023526827,0.038315743124287295,0.1959598670403162
OLMo-2-1124-13B-DPO,verse,long,0.5,single,800,0.23169051855802536,-1.0561834678053856,-0.8182280903061231,0.09371116495054364,-0.23795537749926254
OLMo-2-1124-13B-DPO,summarization,long,0.05,long,80,0.5909761816263199,-0.09775979518890388,-0.09814060678084696,0.015231544675323916,0.00038081159194308656
OLMo-2-1124-13B-DPO,summarization,long,0.05,single,80,0.5909761816263199,-0.08603322803974156,-0.04020296285549807,0.010648996552210488,-0.04583026518424349
OLMo-2-1124-13B-DPO,summarization,long,0.1,long,160,0.5909761816263199,-0.19680883511900904,-0.18435742879907294,0.04752538533052252,-0.012451406319936104
OLMo-2-1124-13B-DPO,summarization,long,0.1,single,160,0.5909761816263199,-0.13029907420277598,-0.0971153241892656,0.041335449018141186,-0.03318375001351037
OLMo-2-1124-13B-DPO,summarization,long,0.2,long,320,0.5909761816263199,-0.36165458783507354,-0.3748581089079381,0.019945397724167327,0.013203521072864544
OLMo-2-1124-13B-DPO,summarization,long,0.2,single,320,0.5909761816263199,-0.32463956549763684,-0.2425525158643723,0.017857067440607867,-0.08208704963326455
OLMo-2-1124-13B-DPO,summarization,long,0.3,long,480,0.5909761816263199,-0.3548792064189911,-0.40106795479853957,0.08991124648429424,0.04618874837954845
OLMo-2-1124-13B-DPO,summarization,long,0.3,single,480,0.5909761816263199,-0.38679414168000226,-0.3942745839556059,0.02705715636249087,0.007480442275603627
OLMo-2-1124-13B-DPO,summarization,long,0.5,long,800,0.5909761816263199,-0.4658661380410195,-0.5594721645116807,0.018486430663587156,0.09360602647066119
OLMo-2-1124-13B-DPO,summarization,long,0.5,single,800,0.5909761816263199,-0.4747194021940232,-0.5987407763799032,0.07989155972085653,0.12402137418588
OLMo-2-1124-13B-DPO,bias,long,0.05,long,80,0.3209931552410126,-0.06098807305097581,0.015217488507429766,0.018276399569106982,-0.07620556155840558
OLMo-2-1124-13B-DPO,bias,long,0.05,single,80,0.3209931552410126,-0.016264775395393394,-0.01869818319876987,0.007445641964775126,0.002433407803376475
OLMo-2-1124-13B-DPO,bias,long,0.1,long,160,0.3209931552410126,-0.10825615972280503,0.011475796500841795,0.015295102197869816,-0.11973195622364682
OLMo-2-1124-13B-DPO,bias,long,0.1,single,160,0.3209931552410126,-0.0380686432123184,-0.002658479412396756,0.014243641847543231,-0.035410163799921644
OLMo-2-1124-13B-DPO,bias,long,0.2,long,320,0.3209931552410126,-0.137381911277771,-0.021815834442774462,0.025484724861820806,-0.11556607683499653
OLMo-2-1124-13B-DPO,bias,long,0.2,single,320,0.3209931552410126,-0.02249220311641692,0.020202104747295373,0.014427031703820514,-0.0426943078637123
OLMo-2-1124-13B-DPO,bias,long,0.3,long,480,0.3209931552410126,-0.11271910220384598,-0.015989165504773473,0.05946220656242596,-0.09672993669907251
OLMo-2-1124-13B-DPO,bias,long,0.3,single,480,0.3209931552410126,-0.014080104231834423,-0.01402819802363714,0.026207688358443167,-5.19062081972832e-05
OLMo-2-1124-13B-DPO,bias,long,0.5,long,800,0.3209931552410126,-0.12684435546398162,-0.06418334593375524,0.018696321952289527,-0.06266100953022638
OLMo-2-1124-13B-DPO,bias,long,0.5,single,800,0.3209931552410126,-0.06610183715820311,-0.06210811287164689,0.015086327935185702,-0.003993724286556227
OLMo-2-1124-13B-DPO,persona,long,0.05,long,80,0.7404301881790161,0.036501907557249136,-0.07249098246296241,0.006729495644981051,0.10899289002021155
OLMo-2-1124-13B-DPO,persona,long,0.05,single,80,0.7404301881790161,-0.06289531886577604,-0.08745746264855063,0.050927446594300776,0.02456214378277459
OLMo-2-1124-13B-DPO,persona,long,0.1,long,160,0.7404301881790161,-0.0014503359794616477,-0.18267738173405326,0.08051866083021397,0.18122704575459161
OLMo-2-1124-13B-DPO,persona,long,0.1,single,160,0.7404301881790161,-0.07465911805629721,-0.11284365331133199,0.04486821768100765,0.03818453525503478
OLMo-2-1124-13B-DPO,persona,long,0.2,long,320,0.7404301881790161,-0.15085336714982978,-0.2399961913625399,0.09236132883679912,0.08914282421271014
OLMo-2-1124-13B-DPO,persona,long,0.2,single,320,0.7404301881790161,-0.1154210180044174,-0.22799623608589167,0.04806016904930278,0.11257521808147428
OLMo-2-1124-13B-DPO,persona,long,0.3,long,480,0.7404301881790161,-0.17642101794481269,-0.3283814171950022,0.043491471095020766,0.1519603992501895
OLMo-2-1124-13B-DPO,persona,long,0.3,single,480,0.7404301881790161,-0.14791470915079108,-0.24171819339195885,0.057167949409507944,0.09380348424116777
OLMo-2-1124-13B-DPO,persona,long,0.5,long,800,0.7404301881790161,-0.24630833268165586,-0.34370125283797587,0.05709942935284382,0.09739292015632
OLMo-2-1124-13B-DPO,persona,long,0.5,single,800,0.7404301881790161,-0.2621981471776962,-0.3622678503394126,0.028990691525919786,0.10006970316171643
Falcon3-10B-Instruct,verse,long,0.05,long,24,0.7932608991861343,-0.15633485019206994,-0.28303362230459844,0.09600575242344493,0.1266987721125285
Falcon3-10B-Instruct,verse,long,0.05,single,24,0.7932608991861343,-0.22387771606445306,-0.18101866766810412,0.01827904547166818,-0.04285904839634894
Falcon3-10B-Instruct,verse,long,0.1,long,48,0.7932608991861343,-0.43373099416494365,-0.5627258410056432,0.10630679604284908,0.1289948468406995
Falcon3-10B-Instruct,verse,long,0.1,single,48,0.7932608991861343,-0.5453573212027549,-0.3034093876679738,0.06259829056928488,-0.2419479335347811
Falcon3-10B-Instruct,verse,long,0.2,long,96,0.7932608991861343,-0.8621118709444999,-0.8602273305257162,0.06691345200735659,-0.00188454041878372
Falcon3-10B-Instruct,verse,long,0.2,single,96,0.7932608991861343,-0.8154977068305015,-0.7023061831792194,0.04027079575458354,-0.11319152365128204
Falcon3-10B-Instruct,verse,long,0.3,long,144,0.7932608991861343,-1.1191942617297173,-1.183304533859094,0.04449477984999473,0.0641102721293767
Falcon3-10B-Instruct,verse,long,0.3,single,144,0.7932608991861343,-1.099069471657276,-1.0712193856636683,0.06498275610294227,-0.02785008599360772
Falcon3-10B-Instruct,verse,long,0.5,long,240,0.7932608991861343,-1.2401169657707214,-1.4335243344306943,0.05219583837035127,0.19340736865997288
Falcon3-10B-Instruct,verse,long,0.5,single,240,0.7932608991861343,-2.0608386427164076,-1.91863909860452,0.27763172905344324,-0.1421995441118875
Falcon3-10B-Instruct,summarization,long,0.05,long,24,0.5295336343348026,-0.12706655859947202,-0.14202376330892244,0.011753758274078648,0.014957204709450417
Falcon3-10B-Instruct,summarization,long,0.05,single,24,0.5295336343348026,-0.1232504054903984,-0.09916828274726865,0.01982736169560571,-0.02408212274312975
Falcon3-10B-Instruct,summarization,long,0.1,long,48,0.5295336343348026,-0.2442118227481842,-0.28521675666173296,0.050577955269742195,0.04100493391354876
Falcon3-10B-Instruct,summarization,long,0.1,single,48,0.5295336343348026,-0.23302417695522304,-0.18718383908271785,0.010639740173566942,-0.04584033787250519
Falcon3-10B-Instruct,summarization,long,0.2,long,96,0.5295336343348026,-0.4216273345053196,-0.466680172085762,0.012034822632518037,0.04505283758044243
Falcon3-10B-Instruct,summarization,long,0.2,single,96,0.5295336343348026,-0.36856162324547764,-0.3716462535162766,0.037749379139452574,0.0030846302707989715
Falcon3-10B-Instruct,summarization,long,0.3,long,144,0.5295336343348026,-0.5342199377715587,-0.5597107830146949,0.02877440070095511,0.025490845243136162
Falcon3-10B-Instruct,summarization,long,0.3,single,144,0.5295336343348026,-0.47220545932650565,-0.42896367932359375,0.01380011220326513,-0.0432417800029119
Falcon3-10B-Instruct,summarization,long,0.5,long,240,0.5295336343348026,-0.5318230368196964,-0.6152168042957783,0.054825056709151575,0.08339376747608185
Falcon3-10B-Instruct,summarization,long,0.5,single,240,0.5295336343348026,-0.6614333905279637,-0.5747799930473169,0.021822292632852767,-0.08665339748064682
